corpus,drama,documentTitle,language,Name,Pnd,Translator.Name,Translator.Pnd,Date.Written,Date.Printed,Date.Premiere,Date.Translation
qd,11d11.0,Faust. Der Tragödie zweiter Teil,de,"Goethe, Johann Wolfgang",118540238,,,1831,1832,1854,0
qd,11d2m.0,Torquato Tasso,de,"Goethe, Johann Wolfgang",118540238,,,1788,1790,1807,0
qd,11f78.0,Iphigenie auf Tauris,de,"Goethe, Johann Wolfgang",118540238,,,1786,1787,1800,0
qd,11f81.0,Clavigo,de,"Goethe, Johann Wolfgang",118540238,,,1774,1774,1774,0
qd,11f9k.0,Der Bürgergeneral,de,"Goethe, Johann Wolfgang",118540238,,,1793,1793,1793,0
qd,11fzp.0,Die Laune des Verliebten,de,"Goethe, Johann Wolfgang",118540238,,,1768,1806,1779,0
qd,11g1d.0,Götz von Berlichingen mit der eisernen Hand,de,"Goethe, Johann Wolfgang",118540238,,,0,1773,0,0
qd,11g3h.0,Die natürliche Tochter,de,"Goethe, Johann Wolfgang",118540238,,,1803,1804,1803,0
qd,11g5f.0,Der Großkophta,de,"Goethe, Johann Wolfgang",118540238,,,1791,1792,1791,0
qd,11g5g.0,Des Epimenides Erwachen,de,"Goethe, Johann Wolfgang",118540238,,,0,0,0,0
qd,11g5q.0,Faust,de,"Goethe, Johann Wolfgang",118540238,,,1806,1808,1819,0
qd,11g9w.0,Egmont,de,"Goethe, Johann Wolfgang",118540238,,,1787,1788,1791,0
qd,11gn9.0,Satyros oder der vergötterte Waldteufel,de,"Goethe, Johann Wolfgang",118540238,,,0,0,0,0
qd,11gtp.0,Erwin und Elmire,de,"Goethe, Johann Wolfgang",118540238,,,1775,1775,1775,0
qd,11h10.0,Der Triumph der Empfindsamkeit,de,"Goethe, Johann Wolfgang",118540238,,,1779,0,0,0
qd,11h60.0,"Götter, Helden und Wieland",de,"Goethe, Johann Wolfgang",118540238,,,1773,1774,0,0
qd,11hb1.0,Die Mitschuldigen,de,"Goethe, Johann Wolfgang",118540238,,,1769,1909,1776,0
qd,11hb5.0,Proserpina,de,"Goethe, Johann Wolfgang",118540238,,,1778,1778,1778,0
qd,11hdv.0,Stella,de,"Goethe, Johann Wolfgang",118540238,,,1776,1776,1776,0
qd,12675.0,Die Nase des Michelangelo,de,"Ball, Hugo",118506234,,,0,0,0,0
qd,jkhx.0,Der gefesselte Prometheus,de,Aischylos,118500856,"Droysen, Johann Gustav",188028331,0,0,0,0
qd,jkj1.0,Agamemnon,de,Aischylos,118500856,"Droysen, Johann Gustav",188028331,0,0,0,0
qd,jkj1.1,Die Eumeniden,de,Aischylos,118500856,"Droysen, Johann Gustav",188028331,0,0,0,0
qd,jkj1.2,Die Grabesspenderinnen,de,Aischylos,118500856,"Droysen, Johann Gustav",188028331,0,0,0,0
qd,jkjb.0,Im Suff,de,"Alberti, Konrad",116009926,,,1890,1890,0,0
qd,jkjf.0,Brot!,de,"Alberti, Konrad",116009926,,,1888,1888,0,0
qd,jn5z.0,Das vierte Gebot,de,"Anzengruber, Ludwig",11850357X,,,0,0,0,0
qd,jn65.0,Der Meineidbauer,de,"Anzengruber, Ludwig",11850357X,,,0,0,0,0
qd,jn6f.0,Die Kreuzelschreiber,de,"Anzengruber, Ludwig",11850357X,,,0,0,0,0
qd,jn6k.0,Der Gwissenswurm,de,"Anzengruber, Ludwig",11850357X,,,0,0,0,0
qd,jn6r.0,Heimg'funden,de,"Anzengruber, Ludwig",11850357X,,,1885,1885,1885,0
qd,jn73.0,Der Pfarrer von Kirchfeld,de,"Anzengruber, Ludwig",11850357X,,,0,0,0,0
qd,k1f7.0,Die Vögel,de,Aristophanes,118503987,"Seeger, Ludwig",127409386,0,0,0,0
qd,k1fb.0,Die Wolken,de,Aristophanes,118503987,"Seeger, Ludwig",127409386,0,0,0,0
qd,k1ff.0,Lysistrate,de,Aristophanes,118503987,"Seeger, Ludwig",127409386,0,0,0,0
qd,k4xx.0,Marino Caboga,de,"Arnim, Ludwig Achim von",118504177,,,0,0,0,0
qd,k59h.0,Jerusalem,de,"Arnim, Ludwig Achim von",118504177,,,0,0,0,0
qd,k77x.0,Halle,de,"Arnim, Ludwig Achim von",118504177,,,0,0,0,0
qd,k7f7.0,Das Loch,de,"Arnim, Ludwig Achim von",118504177,,,1811,0,0,0
qd,k8cn.0,Der Rauchfangkehrer,de,"Auenbrugger, Johann Leopold von",117668931,,,1781,0,0,0
qd,k936.0,Faust,de,"Avenarius, Ferdinand",118651218,,,0,1919,0,0
qd,k93c.0,Virginia oder das abgeschaffte Decemvirat,de,"Ayrenhoff, Cornelius Hermann von",118869647,,,0,0,0,0
qd,k93g.0,Der Postzug oder die noblen Passionen,de,"Ayrenhoff, Cornelius Hermann von",118869647,,,0,1769,0,0
qd,kd4c.0,Die Bürger in Wien,de,"Bäuerle, Adolf",119560038,,,0,0,0,0
qd,kd4g.0,Doktor Faust's Mantel,de,"Bäuerle, Adolf",119560038,,,0,1819,1817,0
qd,kd4r.0,Industrie und Herz,de,"Bauernfeld, Eduard von",118507400,,,1841,1847,1842,0
qd,kd4v.0,Großjährig,de,"Bauernfeld, Eduard von",118507400,,,1843,1846,1846,0
qd,kd4z.0,Bürgerlich und Romantisch,de,"Bauernfeld, Eduard von",118507400,,,1835,1837,1835,0
qd,kjfc.0,Struensee,de,"Beer, Michael",118657887,,,1827,0,0,0
qd,kjfg.0,Der Paria,de,"Beer, Michael",118657887,,,0,0,0,0
qd,kjfz.0,Die Lügnerin,de,"Benedix, Julius Roderich",118658166,,,0,0,1823,0
qd,kjg2.0,Die Hochzeitsreise,de,"Benedix, Julius Roderich",118658166,,,0,0,0,0
qd,kjgc.0,"Die Jubelfeier der Hölle, oder Faust der jüngere",de,"Benkowitz, Karl Friedrich",116121009,,,0,0,0,0
qd,kjgj.0,"Berlin, wie es weint und lacht",de,"Berg, O. F.",116329696,,,0,1858,1858,0
qd,kjgv.0,Faust,de,"Bernard, Josef Karl",130101494,,,0,1816,0,0
qd,kmdh.0,In der Heimath,de,"Birch-Pfeiffer, Charlotte",118658875,,,0,1865,0,0
qd,kmdk.0,Die Walpurgisnacht,de,"Birch-Pfeiffer, Charlotte",118658875,,,1827,1866,1830,0
qd,kmdp.0,Johannes Gutenberg,de,"Birch-Pfeiffer, Charlotte",118658875,,,1834,1836,1835,0
qd,kmdt.0,Vatersorgen,de,"Birch-Pfeiffer, Charlotte",118658875,,,0,0,0,0
qd,kmdw.0,Pfeffer-Rösel,de,"Birch-Pfeiffer, Charlotte",118658875,,,0,1833,1829,0
qd,kmq3.0,Ein Faust der That,de,"Bleibtreu, Karl",118663909,,,0,0,0,0
qd,kmqb.0,Weltgericht,de,"Bleibtreu, Karl",118663909,,,0,1888,1902,0
qd,knb2.0,Im weißen Rößl,de,"Blumenthal, Oskar",118659111,,,0,0,0,0
qd,kp19.0,"Odoardo Galotti, Vater der Emilia",de,"Bodmer, Johann Jacob",118512315,,,0,1776,0,0
qd,kpkv.0,Der Bookesbeutel,de,"Borkenstein, Hinrich",100428428,,,0,1742,0,0
qd,kpsk.0,De rode Ünnerrock,de,"Boßdorf, Hermann",118659405,,,0,0,0,0
qd,kpsp.0,Bahnmeister Dood,de,"Boßdorf, Hermann",118659405,,,0,0,0,0
qd,kq0s.0,Ino,de,"Brandes, Johann Christian",118673165,,,0,0,0,0
qd,kq0w.0,Ariadne auf Naxos,de,"Brandes, Johann Christian",118673165,,,0,0,1775,0
qd,kq6g.0,Das Nachtlager von Granada,de,"Braun von Braunthal, Karl Johann",116428384,,,1833,0,1834,0
qd,kq6k.0,Faust,de,"Braun von Braunthal, Karl Johann",116428384,,,1835,1835,0,0
qd,kq6v.0,Der Freigeist,de,"Brawe, Joachim Wilhelm von",11865991X,,,0,1758,1759,0
qd,kqwr.0,Ponce de Leon,de,"Brentano, Clemens",118515055,,,0,0,0,0
qd,krdh.0,Die Gründung Prags,de,"Brentano, Clemens",118515055,,,1814,0,0,0
qd,krf8.0,Belmont und Constanze,de,"Bretzner, Christoph Friedrich",115849238,,,0,1781,0,0
qd,kscn.0,Leonce und Lena,de,"Büchner, Georg",118516906,,,1836,1838,1895,0
qd,ksd1.0,Dantons Tod,de,"Büchner, Georg",118516906,,,1834,1835,1902,0
qd,kssc.0,Der Trompeter von Säkkingen,de,"Bunge, Rudolf",117156302,,,0,1886,0,0
qd,ktrm.0,Turandot,de,"Busoni, Ferruccio",118518011,,,0,0,0,0
qd,kw8v.0,Euryanthe,de,"Chézy, Helmina von",119360659,,,0,0,0,0
qd,m08h.0,Der Barbier von Bagdad,de,"Cornelius, Peter",118522213,,,0,0,0,0
qd,m0br.0,Der Mißtrauische,de,"Cronegk, Johann Friedrich von",11852285X,,,0,1760,1766,0
qd,m9xz.0,Die Menschenfreunde,de,"Dehmel, Richard Fedor Leopold",118679236,,,0,0,0,0
qd,mbmn.0,Michel Michael,de,"Dehmel, Richard Fedor Leopold",118679236,,,1910,1911,1911,0
qd,mgfk.0,Hans Heiling,de,"Devrient, Philipp Eduard",118525042,,,0,0,1833,0
qd,mgfp.0,Die Gunst des Augenblicks,de,"Devrient, Philipp Eduard",118525042,,,0,1836,1880,0
qd,mhq8.0,Mona Lisa,de,"Dovsky, Beatrice",12686022X,,,1913,0,1915,0
qd,mjbp.0,"Perdu! oder Dichter, Verleger und Blaustrümpfe",de,"Droste-Hülshoff, Annette von",118527533,,,0,0,0,0
qd,mk3n.0,Die Wände,de,"Dulk, Albert",118869345,,,0,0,0,0
qd,mr3k.0,Der letzte Held von Marienburg,de,"Eichendorff, Joseph von",118529390,,,0,1830,1831,0
qd,msdg.0,Das Incognito,de,"Eichendorff, Joseph von",118529390,,,1843,1901,0,0
qd,msqv.0,Die Freier,de,"Eichendorff, Joseph von",118529390,,,0,1833,1849,0
qd,mv7f.0,Eid und Pflicht,de,"Engel, Johann Jakob",11868468X,,,0,0,0,0
qd,mvqk.0,Das Spiel von Doktor Faust,de,"Ertler, Bruno",105488437,,,1922,1929,1923,0
qd,mvqp.0,Belian und Marpalye,de,"Ertler, Bruno",105488437,,,1923,1924,1924,0
qd,mvqs.0,Anna Iwanowna,de,"Ertler, Bruno",105488437,,,1919,1920,1920,0
qd,mvr3.0,Der Frauenmut,de,"Essig, Hermann",118531212,,,1911,1912,1914,0
qd,mvrf.0,Überteufel,de,"Essig, Hermann",118531212,,,1906,1912,1923,0
qd,n0xc.0,Cili Cohrs,de,"Fock, Gorch",118691988,,,0,1914,0,0
qd,n23j.0,Der Held des Nordens,de,"Fouqué, Friedrich de la Motte",104066512,,,0,1810,0,0
qd,n2k7.0,Die Journalisten,de,"Freytag, Gustav",118535455,,,0,1854,1852,0
qd,n2kq.0,Graf Waldemar,de,"Freytag, Gustav",118535455,,,1847,1850,1848,0
qd,n3cn.0,Der Herrgottschnitzer von Ammergau,de,"Ganghofer, Ludwig",118537490,,,1880,0,0,0
qd,n3dj.0,Jessonda,de,"Gehe, Eduard Heinrich",102522359,,,0,1836,1828,0
qd,n750.0,Die zärtlichen Schwestern,de,"Gellert, Christian Fürchtegott",118538322,,,0,1747,1749,0
qd,n79j.0,Die Betschwester,de,"Gellert, Christian Fürchtegott",118538322,,,0,1745,1745,0
qd,n7rr.0,Der deutsche Hausvater oder die Familie,de,"Gemmingen-Hornberg, Otto Heinrich von",118716778,,,0,0,0,0
qd,ndmr.0,Der Moloch,de,"Gerhäuser, Emil",11656640X,,,0,0,1906,0
qd,nds0.0,Ugolino,de,"Gerstenberg, Heinrich Wilhelm von",118690949,,,0,1768,1769,0
qd,ndtw.0,Evander und Alcimna,de,"Gessner, Salomon",118538969,,,1762,1762,0,0
qd,nfhm.0,Der Eheteufel auf Reisen,de,"Gleich, Joseph Alois",119559994,,,0,1822,1821,0
qd,nkbv.0,Der Widerspenstigen Zähmung,de,"Goetz, Hermann Gustav",118696025,,,1873,0,0,0
qd,nkdm.0,Medea,de,"Gotter, Friedrich Wilhelm",118540939,,,0,0,0,0
qd,nkdq.0,Die Geisterinsel,de,"Gotter, Friedrich Wilhelm",118540939,,,0,0,0,0
qd,nkdt.0,Der Dorfjahrmarkt,de,"Gotter, Friedrich Wilhelm",118540939,,,0,0,0,0
qd,nks0.0,Der sterbende Cato,de,"Gottsched, Johann Christoph",118541013,,,1730,1732,1731,0
qd,nkww.0,Atalanta oder die bezwungene Sprödigkeit,de,"Gottsched, Johann Christoph",118541013,,,0,1741,0,0
qd,nm24.0,Das Testament,de,"Gottsched, Luise Adelgunde Victorie",118696734,,,0,1745,0,0
qd,nm27.0,Der Witzling,de,"Gottsched, Luise Adelgunde Victorie",118696734,,,0,1745,0,0
qd,nm2b.0,Die Pietisterey im Fischbein-Rocke,de,"Gottsched, Luise Adelgunde Victorie",118696734,,,0,1736,0,0
qd,nmfg.0,"Scherz, Satire, Ironie und tiefere Bedeutung",de,"Grabbe, Christian Dietrich",118541102,,,1822,0,0,0
qd,nmfn.0,Napoleon oder Die hundert Tage,de,"Grabbe, Christian Dietrich",118541102,,,1830,1831,1868,0
qd,nmfv.0,Hannibal,de,"Grabbe, Christian Dietrich",118541102,,,1835,1835,1918,0
qd,nmg0.0,Don Juan und Faust,de,"Grabbe, Christian Dietrich",118541102,,,1829,0,0,0
qd,nmg5.0,Herzog Theodor von Gothland,de,"Grabbe, Christian Dietrich",118541102,,,1822,1827,1892,0
qd,nns8.0,Der Traum ein Leben,de,"Grillparzer, Franz",118542192,,,1830,0,0,0
qd,npm2.0,"Weh dem, der lügt!",de,"Grillparzer, Franz",118542192,,,0,1840,1838,0
qd,npsg.0,Des Meeres und der Liebe Wellen,de,"Grillparzer, Franz",118542192,,,1829,0,0,0
qd,ns3r.0,Die Jüdin von Toledo,de,"Grillparzer, Franz",118542192,,,1851,1872,1872,0
qd,ns9c.0,Ein Bruderzwist in Habsburg,de,"Grillparzer, Franz",118542192,,,1848,1848,0,0
qd,nsv5.0,Die Ahnfrau,de,"Grillparzer, Franz",118542192,,,0,0,0,0
qd,nttc.0,König Ottokars Glück und Ende,de,"Grillparzer, Franz",118542192,,,1823,0,0,0
qd,nv2j.0,Sappho,de,"Grillparzer, Franz",118542192,,,0,0,0,0
qd,nvk1.0,Ein treuer Diener seines Herrn,de,"Grillparzer, Franz",118542192,,,1827,0,0,0
qd,p5bz.0,Zopf und Schwert,de,"Gutzkow, Karl",118543830,,,1843,1844,1844,0
qd,p5c7.0,Das Urbild des Tartüffe,de,"Gutzkow, Karl",118543830,,,0,0,0,0
qd,p5c8.0,"Richard Savage, Sohn einer Mutter",de,"Gutzkow, Karl",118543830,,,1839,1842,1839,0
qd,p5cg.0,Uriel Acosta,de,"Gutzkow, Karl",118543830,,,0,0,0,0
qd,pb0f.0,Udohla,de,"Günderode, Karoline von",118543202,,,0,1805,0,0
qd,pb4c.0,Magie und Schicksal,de,"Günderode, Karoline von",118543202,,,0,1805,0,0
qd,pb6v.0,Nikator,de,"Günderode, Karoline von",118543202,,,0,1805,0,0
qd,pgp7.0,Die Fledermaus,de,"Haffner, Carl",120430231,,,0,0,0,0
qd,pgph.0,Der Furchtsame,de,"Hafner, Philipp",,,,0,1764,1764,0
qd,pgpm.0,"Mägera, die förchterliche Hexe",de,"Hafner, Philipp",,,,1763,1764,1763,0
qd,pj2h.0,Der Sohn der Wildnis,de,"Halm, Friedrich",118720074,,,0,1843,1842,0
qd,pjw6.0,Rosenmontag,de,"Hartleben, Otto Erich",118546198,,,1899,1898,1900,0
qd,pk02.0,Die sittliche Forderung,de,"Hartleben, Otto Erich",118546198,,,0,0,0,0
qd,pk6x.0,Hanna Jagert,de,"Hartleben, Otto Erich",118546198,,,0,1893,1893,0
qd,pkh4.0,"Gaukler, Tod und Juwelier",de,"Hauptmann, Carl",118546910,,,0,1917,1920,0
qd,pkhc.0,Frau Nadja Bielew,de,"Hauptmann, Carl",118546910,,,0,0,0,0
qd,pkhg.0,Tobias Buntschuh,de,"Hauptmann, Carl",118546910,,,0,0,0,0
qd,pkhm.0,Die armseligen Besenbinder,de,"Hauptmann, Carl",118546910,,,0,1913,1913,0
qd,pkhv.0,Musik,de,"Hauptmann, Carl",118546910,,,0,0,0,0
qd,pkj1.0,Im goldenen Tempel-Buche verzeichnet,de,"Hauptmann, Carl",118546910,,,0,0,0,0
qd,pkj2.0,Ephraims Breite,de,"Hauptmann, Carl",118546910,,,1899,1900,1900,0
qd,pkjc.0,Der Antiquar,de,"Hauptmann, Carl",118546910,,,0,1909,1909,0
qd,pkng.0,Der gehörnte Siegfried,de,"Hebbel, Friedrich",118547445,,,0,1862,1861,0
qd,pksn.0,Agnes Bernauer,de,"Hebbel, Friedrich",118547445,,,1851,0,0,0
qd,pkx0.0,Maria Magdalene,de,"Hebbel, Friedrich",118547445,,,1843,1844,1846,0
qd,pm1c.0,Kriemhilds Rache,de,"Hebbel, Friedrich",118547445,,,1860,0,0,0
qd,pm7m.0,Der Rubin,de,"Hebbel, Friedrich",118547445,,,0,0,0,0
qd,pm99.0,Der Diamant,de,"Hebbel, Friedrich",118547445,,,1841,1847,1848,0
qd,pmfw.0,Demetrius,de,"Hebbel, Friedrich",118547445,,,0,0,0,0
qd,pmgg.0,Herodes und Mariamne,de,"Hebbel, Friedrich",118547445,,,0,0,0,0
qd,pmj9.0,Gyges und sein Ring,de,"Hebbel, Friedrich",118547445,,,0,1856,1889,0
qd,pmp3.0,Trauerspiel in Sizilien,de,"Hebbel, Friedrich",118547445,,,0,0,0,0
qd,pmtc.0,Genoveva,de,"Hebbel, Friedrich",118547445,,,0,0,0,0
qd,pn22.0,Siegfrieds Tod,de,"Hebbel, Friedrich",118547445,,,0,0,0,0
qd,pn2n.0,Judith,de,"Hebbel, Friedrich",118547445,,,0,1841,1840,0
qd,psxj.0,Almansor,de,"Heine, Heinrich",118548018,,,0,1821,1823,0
qd,ptkw.0,William Ratcliff,de,"Heine, Heinrich",118548018,,,0,0,0,0
qd,pvxf.0,Die Kinder Godunófs,de,"Heiseler, Henry von",118709933,,,1923,1929,1930,0
qd,pvxk.0,Peter und Alexéj,de,"Heiseler, Henry von",118709933,,,0,0,0,0
qd,pzj2.0,Die Teufelsmühle am Wienerberg,de,"Hensler, Karl Friedrich",119267659,,,0,0,1801,0
qd,q41n.0,Don Juan's Ende,de,"Heyse, Paul",118550772,,,0,0,0,0
qd,q4j5.0,Colberg,de,"Heyse, Paul",118550772,,,0,0,0,0
qd,q5q1.0,"Der Mann nach der Uhr, oder der ordentliche Mann",de,"Hippel, Theodor Gottlieb von",11855137X,,,0,1765,1765,0
qd,qd27.0,Der Tor und der Tod,de,"Hofmannsthal, Hugo von",118552759,,,1893,1894,1898,0
qd,qd2g.0,Elektra,de,"Hofmannsthal, Hugo von",118552759,,,1903,1904,1903,0
qd,qd3h.0,Ariadne auf Naxos,de,"Hofmannsthal, Hugo von",118552759,,,1911,0,0,0
qd,qd46.0,Der Unbestechliche,de,"Hofmannsthal, Hugo von",118552759,,,0,0,0,0
qd,qd6w.0,Der Schwierige,de,"Hofmannsthal, Hugo von",118552759,,,0,0,0,0
qd,qdcq.0,Die Frau ohne Schatten,de,"Hofmannsthal, Hugo von",118552759,,,1915,1911,1911,0
qd,qdhd.0,Der Tod des Tizian,de,"Hofmannsthal, Hugo von",118552759,,,1892,1901,1901,0
qd,qdj2.0,Der Turm,de,"Hofmannsthal, Hugo von",118552759,,,1924,1924,1948,0
qd,qdjz.0,Der Rosenkavalier,de,"Hofmannsthal, Hugo von",118552759,,,1910,1911,1911,0
qd,qdk1.0,Alkestis,de,"Hofmannsthal, Hugo von",118552759,,,1894,1909,1916,0
qd,qdks.0,Der Abenteurer und die Sängerin oder Die Geschenke des Lebens,de,"Hofmannsthal, Hugo von",118552759,,,0,0,0,0
qd,qdm5.0,Das Salzburger große Welttheater,de,"Hofmannsthal, Hugo von",118552759,,,0,0,0,0
qd,qdm9.0,Ödipus und die Sphinx,de,"Hofmannsthal, Hugo von",118552759,,,1905,1906,1906,0
qd,qdmd.0,Arabella,de,"Hofmannsthal, Hugo von",118552759,,,1928,0,0,0
qd,qdmw.0,Die Frau im Fenster,de,"Hofmannsthal, Hugo von",118552759,,,0,0,0,0
qd,qdnz.0,Jedermann,de,"Hofmannsthal, Hugo von",118552759,,,1911,1911,1911,0
qd,qdqn.0,Das Bergwerk zu Falun,de,"Hofmannsthal, Hugo von",118552759,,,1899,1933,1949,0
qd,qfxf.0,Ein Trauerspiel in Berlin,de,"Holtei, Karl von",118706640,,,0,1838,1832,0
qd,qfxj.0,Die Kalkbrenner,de,"Holtei, Karl von",118706640,,,0,0,0,0
qd,qggj.0,Die Familie Selicke,de,"Holz, Arno",118553216,,,0,0,0,0
qd,qh0j.0,Traumulus,de,"Holz, Arno",118553216,,,0,0,0,0
qd,qh44.0,Ignorabimus,de,"Holz, Arno",118553216,,,0,0,0,0
qd,qhpn.0,Sonnenfinsternis,de,"Holz, Arno",118553216,,,0,0,0,0
qd,qhwd.0,Sozialaristokraten,de,"Holz, Arno",118553216,,,1896,0,1897,0
qd,qkmh.0,Das Erbtheil des Vaters,de,"Iffland, August Wilhelm",118555324,,,0,0,0,0
qd,qkmq.0,Die Jäger,de,"Iffland, August Wilhelm",118555324,,,0,0,0,0
qd,qkmw.0,Figaro in Deutschland,de,"Iffland, August Wilhelm",118555324,,,0,0,0,0
qd,qkmx.0,Verbrechen aus Ehrsucht,de,"Iffland, August Wilhelm",118555324,,,0,0,0,0
qd,qkn4.0,Der Spieler,de,"Iffland, August Wilhelm",118555324,,,0,0,0,0
qd,qknj.0,Die Bojaren,de,"Immermann, Karl",118555553,,,0,1832,1835,0
qd,qkp2.0,Merlin,de,"Immermann, Karl",118555553,,,1832,1832,0,0
qd,qkp7.0,Das Gericht von St. Petersburg,de,"Immermann, Karl",118555553,,,0,1832,1835,0
qd,qkps.0,Eudoxia,de,"Immermann, Karl",118555553,,,0,1832,1835,0
qd,qkq1.0,"Andreas Hofer, der Sandwirt von Passeyer",de,"Immermann, Karl",118555553,,,1833,0,0,0
qd,qn26.0,Die Schule des Armen,de,"Kaiser, Friedrich",118874748,,,0,1848,1847,0
qd,qn29.0,Stadt und Land,de,"Kaiser, Friedrich",118874748,,,0,0,0,0
qd,qn2w.0,Die Opferung,de,"Kaltneker, Hans",11855963X,,,0,0,0,0
qd,qn30.0,Das Bergwerk,de,"Kaltneker, Hans",11855963X,,,0,1921,0,0
qd,qx5q.0,Der Freischütz,de,"Kind, Johann Friedrich",118885235,,,1820,0,1821,0
qd,qxh9.0,Der Kreidekreis,de,Klabund,118562681,,,0,0,1925,0
qd,r0gb.0,Das Käthchen von Heilbronn oder die Feuerprobe,de,"Kleist, Heinrich von",118563076,,,1808,0,0,0
qd,r0hz.0,Die Hermannsschlacht,de,"Kleist, Heinrich von",118563076,,,1808,0,0,0
qd,r0jz.0,Amphitryon,de,"Kleist, Heinrich von",118563076,,,1806,0,0,0
qd,r0n2.0,Penthesilea,de,"Kleist, Heinrich von",118563076,,,1807,0,0,0
qd,r0px.0,Die Familie Schroffenstein,de,"Kleist, Heinrich von",118563076,,,1802,1803,1804,0
qd,r0sb.0,Der zerbrochene Krug,de,"Kleist, Heinrich von",118563076,,,1806,0,0,0
qd,r10b.0,Prinz Friedrich von Homburg,de,"Kleist, Heinrich von",118563076,,,1810,0,0,0
qd,r11m.0,Der auf den Parnass versetzte grüne Hut,de,"Klemm, Christian Gottlob",100303935,,,1767,1767,1767,0
qd,r121.0,Faust. Ein Trauerspiel in fünf Acten,de,"Klingemann, August",118563300,,,0,0,1812,0
qd,r12k.0,Sturm und Drang,de,"Klinger, Friedrich Maximilian",118563319,,,1776,0,0,0
qd,r12v.0,Die Zwillinge,de,"Klinger, Friedrich Maximilian",118563319,,,0,1776,1776,0
qd,r134.0,Die neue Arria,de,"Klinger, Friedrich Maximilian",118563319,,,0,0,0,0
qd,r13g.0,Simsone Grisaldo,de,"Klinger, Friedrich Maximilian",118563319,,,0,0,0,0
qd,r1hd.0,Hermanns Schlacht,de,"Klopstock, Friedrich Gottlieb",118563386,,,1767,1769,0,0
qd,r1zm.0,Der Tod Adams,de,"Klopstock, Friedrich Gottlieb",118563386,,,1756,1757,0,0
qd,r22j.0,Der Roaga,de,"Kobell, Franz von",116263431,,,0,0,0,0
qd,r23w.0,Zriny,de,"Körner, Theodor",118713507,,,0,0,0,0
qd,r2m4.0,Die deutschen Kleinstädter,de,"Kotzebue, August von",118565796,,,1806,0,0,0
qd,r2m9.0,Der Wildschütz oder Die Stimme der Natur,de,"Kotzebue, August von",118565796,,,0,0,1842,0
qd,r2mf.0,Menschenhaß und Reue,de,"Kotzebue, August von",118565796,,,0,0,0,0
qd,r2mm.0,"Der Hyperboreische Esel, oder Die heutige Bildung",de,"Kotzebue, August von",118565796,,,0,0,0,0
qd,r2mn.0,Die Indianer in England,de,"Kotzebue, August von",118565796,,,1788,0,0,0
qd,r2mv.0,Die beiden Klingsberg,de,"Kotzebue, August von",118565796,,,0,0,0,0
qd,r2r7.0,Die Candidaten oder Die Mittel zu einem Amte zu gelangen,de,"Krüger, Johann Christian",118778080,,,0,1748,1747,0
qd,r2rb.0,Die Geistlichen auf dem Lande,de,"Krüger, Johann Christian",118778080,,,0,1743,0,0
qd,rdg3.0,Fierrabras,de,"Kupelwieser, Josef",134672275,,,1823,0,1897,0
qd,rdgt.0,Prinzessin Pumphia,de,"Kurz, Joseph von",118725602,,,0,1767,0,0
qd,rdhd.0,Salome,de,"Lachmann, Hedwig",119115441,,,1901,0,0,0
qd,rfbt.0,Hasemann's Töchter,de,"L'Arronge, Adolph",116000309,,,0,0,1877,0
qd,rfbx.0,Mein Leopold,de,"L'Arronge, Adolph",116000309,,,0,0,1873,0
qd,rfc7.0,Franz von Sickingen,de,"Lassalle, Ferdinand",118569910,,,1858,1859,0,0
qd,rfcn.0,Struensee,de,"Laube, Heinrich",118570080,,,0,0,0,0
qd,rfct.0,Gottsched und Gellert,de,"Laube, Heinrich",118570080,,,0,0,0,0
qd,rfcv.0,Monaldeschi,de,"Laube, Heinrich",118570080,,,0,0,0,0
qd,rfd2.0,Die Karlsschüler,de,"Laube, Heinrich",118570080,,,1846,1846,1846,0
qd,rfd8.0,Pension Schöller,de,"Laufs, Carl",106290916,,,0,0,1890,0
qd,rfm5.0,Hahnenkampf,de,"Lautensack, Heinrich",118570226,,,0,1908,0,0
qd,rfmj.0,Medusa,de,"Lautensack, Heinrich",118570226,,,0,0,0,0
qd,rfn5.0,Die Pfarrhauskomödie,de,"Lautensack, Heinrich",118570226,,,0,0,0,0
qd,rfx8.0,Der Besuch um Mitternacht,de,"Leisewitz, Johann Anton",118571370,,,0,1774,0,0
qd,rfxf.0,Julius von Tarent,de,"Leisewitz, Johann Anton",118571370,,,0,0,0,0
qd,rfxg.0,Die Pfandung,de,"Leisewitz, Johann Anton",118571370,,,0,1774,0,0
qd,rhjs.0,Die Freunde machen den Philosophen,de,"Lenz, Jakob Michael Reinhold",118571656,,,1776,0,0,0
qd,rhnx.0,Der Engländer,de,"Lenz, Jakob Michael Reinhold",118571656,,,1776,1776,0,0
qd,rhtz.0,Die Soldaten,de,"Lenz, Jakob Michael Reinhold",118571656,,,1775,1776,1863,0
qd,rhzq.0,Der Hofmeister oder Vorteile der Privaterziehung,de,"Lenz, Jakob Michael Reinhold",118571656,,,1772,1774,0,0
qd,rj22.0,Der neue Menoza,de,"Lenz, Jakob Michael Reinhold",118571656,,,0,0,0,0
qd,rjdc.0,Die alte Jungfer,de,"Lessing, Gotthold Ephraim",118572121,,,1748,1749,0,0
qd,rjg0.0,Der Freigeist,de,"Lessing, Gotthold Ephraim",118572121,,,1749,1755,0,0
qd,rjh9.0,"Minna von Barnhelm, oder das Soldatenglück",de,"Lessing, Gotthold Ephraim",118572121,,,1767,1767,1767,0
qd,rjmw.0,Miß Sara Sampson,de,"Lessing, Gotthold Ephraim",118572121,,,0,1755,1755,0
qd,rjqs.0,Philotas,de,"Lessing, Gotthold Ephraim",118572121,,,1774,1759,0,0
qd,rjwv.0,Der junge Gelehrte,de,"Lessing, Gotthold Ephraim",118572121,,,1747,1754,1748,0
qd,rkpt.0,Nathan der Weise,de,"Lessing, Gotthold Ephraim",118572121,,,1779,0,0,0
qd,rkq6.0,Der Misogyn,de,"Lessing, Gotthold Ephraim",118572121,,,1748,1755,0,0
qd,rksp.0,Emilia Galotti,de,"Lessing, Gotthold Ephraim",118572121,,,0,0,0,0
qd,rktc.0,Die Juden,de,"Lessing, Gotthold Ephraim",118572121,,,1749,1754,1749,0
qd,rkzk.0,Der Schatz,de,"Lessing, Gotthold Ephraim",118572121,,,1750,1755,0,0
qd,rkzp.0,"Damon, oder die wahre Freundschaft",de,"Lessing, Gotthold Ephraim",118572121,,,1747,1747,0,0
qd,s6kj.0,Der Waffenschmied,de,"Lortzing, Albert (Gustav)",118574469,,,0,0,0,0
qd,s6kn.0,Zar und Zimmermann,de,"Lortzing, Albert (Gustav)",118574469,,,0,0,1837,0
qd,s6m2.0,Die Makkabäer,de,"Ludwig, Otto",118574973,,,0,0,0,0
qd,s6m6.0,Der Erbförster,de,"Ludwig, Otto",118574973,,,0,0,0,0
qd,s8br.0,Jungfern Köchinnen,de,"Malß, Karl",119098911,,,0,1836,1835,0
qd,s8bv.0,Der alte Bürger-Capitain,de,"Malß, Karl",119098911,,,0,1820,1821,0
qd,s9j7.0,Babel und Bibel,de,"May, Karl",118818651,,,1906,1906,0,0
qd,sc8m.0,Der lustige Fritz,de,"Meisl, Karl",119323915,,,0,0,0,0
qd,sc8q.0,Orpheus und Euridice,de,"Meisl, Karl",119323915,,,0,0,0,0
qd,sj68.0,Die Königin von Saba,de,"Mosenthal, Salomon Hermann von",101363184,,,0,0,0,0
qd,sj6f.0,Das goldene Kreuz,de,"Mosenthal, Salomon Hermann von",101363184,,,0,0,0,0
qd,sj6g.0,Die lustigen Weiber von Windsor,de,"Mosenthal, Salomon Hermann von",101363184,,,0,0,1849,0
qd,sj6r.0,Krieg oder Frieden,de,"Moser, Gustav von",116937807,,,0,0,0,0
qd,sj6v.0,Das Stiftungsfest,de,"Moser, Gustav von",116937807,,,0,0,0,0
qd,sjhr.0,Judas. Ein Arbeiterdrama,de,"Mühsam, Erich",118584758,,,1920,1921,0,0
qd,sjpt.0,Staatsräson. Ein Denkmal für Sacco und Vanzetti,de,"Mühsam, Erich",118584758,,,0,1928,1929,0
qd,spd6.0,Golo und Genovefa,de,"Müller, Friedrich (Maler Müller)",118584871,,,1775,0,0,0
qd,ssrb.0,König Yngurd,de,"Müllner, Adolph",118737775,,,0,0,0,0
qd,ssrf.0,Die Schuld,de,"Müllner, Adolph",118737775,,,0,0,0,0
qd,st5r.0,Die Schäferinsel,de,"Mylius, Christlob",11858605X,,,0,1749,0,0
qd,stqr.0,Freiheit in Krähwinkel,de,"Nestroy, Johann",118587080,,,1848,1849,1848,0
qd,stqx.0,Der Zerrissene,de,"Nestroy, Johann",118587080,,,1844,1845,1844,0
qd,str1.0,Der Talisman,de,"Nestroy, Johann",118587080,,,1840,1843,1843,0
qd,str4.0,Der Unbedeutende,de,"Nestroy, Johann",118587080,,,1846,1849,1846,0
qd,str5.0,Das Mädl aus der Vorstadt,de,"Nestroy, Johann",118587080,,,1841,1845,1841,0
qd,str8.0,Einen Jux will er sich machen,de,"Nestroy, Johann",118587080,,,1842,1844,1842,0
qd,strd.0,Eulenspiegel,de,"Nestroy, Johann",118587080,,,0,1839,1835,0
qd,strh.0,Judith und Holofernes,de,"Nestroy, Johann",118587080,,,0,0,0,0
qd,strp.0,Zu ebener Erde und erster Stock,de,"Nestroy, Johann",118587080,,,1825,1838,1835,0
qd,strq.0,Der böse Geist Lumpazivagabundus,de,"Nestroy, Johann",118587080,,,1833,1835,1833,0
qd,strx.0,Das Haus der Temperamente,de,"Nestroy, Johann",118587080,,,1837,1891,1837,0
qd,stsd.0,Die Verehrung der Vollkommenheit durch die gebesserten deutschen Schauspiele,de,"Neuber, Friederike Caroline",118738577,,,0,1737,0,0
qd,stst.0,Die von der Weisheit wider die Unwissenheit beschützte Schauspielkunst,de,"Neuber, Friederike Caroline",118738577,,,0,0,0,0
qd,stt4.0,Ein Deutsches Vorspiel,de,"Neuber, Friederike Caroline",118738577,,,1734,0,0,0
qd,sttf.0,Das Schäferfest oder Die Herbstfreude,de,"Neuber, Friederike Caroline",118738577,,,0,1754,0,0
qd,sv5m.0,Datterich,de,"Niebergall, Ernst Elias",118734776,,,0,1841,1862,0
qd,swzc.0,Nero,de,"Panizza, Oskar",118739131,,,0,1898,0,0
qd,swzz.0,Das Liebeskonzil,de,"Panizza, Oskar",118739131,,,0,1895,0,0
qd,t25v.0,Lucie Woodvil,de,"Pfeil, Johann Gottlob Benjamin",115546456,,,0,1756,1756,0
qd,t2z2.0,Die verhängnisvolle Gabel,de,"Platen, August von",118594869,,,1826,0,0,0
qd,t337.0,Der romantische Ödipus,de,"Platen, August von",118594869,,,1828,1829,1855,0
qd,t8tr.0,Die politische Wochenstube,de,"Prutz, Robert Eduard",11859687X,,,1845,0,0,0
qd,t907.0,Der Hypochondrist,de,"Quistorp, Theodor Johann",100540856,,,0,1745,0,0
qd,t96n.0,Der Verschwender,de,"Raimund, Ferdinand",118597914,,,1834,1837,1834,0
qd,t96r.0,Moisasurs Zauberfluch,de,"Raimund, Ferdinand",118597914,,,1827,0,0,0
qd,t96s.0,Der Alpenkönig und der Menschenfeind,de,"Raimund, Ferdinand",118597914,,,1828,0,0,0
qd,t96w.0,Die unheilbringende Zauberkrone,de,"Raimund, Ferdinand",118597914,,,1829,0,0,0
qd,t971.0,Der Diamant des Geisterkönigs,de,"Raimund, Ferdinand",118597914,,,1824,0,0,0
qd,t976.0,Das Mädchen aus der Feenwelt oder Der Bauer als Millionär,de,"Raimund, Ferdinand",118597914,,,1826,0,0,0
qd,t977.0,Der Barometermacher auf der Zauberinsel,de,"Raimund, Ferdinand",118597914,,,1823,0,0,0
qd,t97f.0,Die gefesselte Phantasie,de,"Raimund, Ferdinand",118597914,,,1826,0,0,0
qd,t9p7.0,Kritik und Antikritik,de,"Raupach, Ernst",100823548,,,0,0,0,0
qd,t9ps.0,Lohengrin,de,"Wagner, Richard",118594117,,,1850,0,0,0
qd,tbf2.0,Martha oder Der Markt zu Richmond,de,"Riese, Friedrich Wilhelm",,,,0,0,1847,0
qd,tbqn.0,Ohne Gegenwart,de,"Rilke, Rainer Maria",118601024,,,0,0,0,0
qd,tg37.0,König Manfred,de,"Roeber, Friedrich",116579757,,,0,0,0,0
qd,tgw6.0,Kater Lampe,de,"Rosenow, Emil",119194724,,,1900,1906,1902,0
qd,tgw9.0,Die im Schatten leben,de,"Rosenow, Emil",119194724,,,1899,1912,0,0
qd,th0n.0,Die Gewaltlosen,de,"Rubiner, Ludwig",118603590,,,0,1919,0,0
qd,tn4k.0,Die Fahnenweihe,de,"Ruederer, Josef",118791508,,,1894,1895,0,0
qd,trwt.0,"Faustine, der weibliche Faust",de,"Schäfer, Wilhelm",,,,0,1898,0,0
qd,tv5b.0,Das Mirakel,de,"Scheerbart, Paul",118606816,,,0,1904,0,0
qd,tv5k.0,Der vornehme Räuberhauptmann,de,"Scheerbart, Paul",118606816,,,0,1904,0,0
qd,tv5t.0,Das Gift,de,"Scheerbart, Paul",118606816,,,0,1904,0,0
qd,tv63.0,Der Regierungswechsel,de,"Scheerbart, Paul",118606816,,,0,0,0,0
qd,tv65.0,Die Welt geht unter!,de,"Scheerbart, Paul",118606816,,,0,0,0,0
qd,tv6f.0,Die Urgrossmutter,de,"Scheerbart, Paul",118606816,,,0,0,0,0
qd,tv6h.0,Lachende Gespenster,de,"Scheerbart, Paul",118606816,,,0,0,0,0
qd,tvb0.0,Okurirasûna,de,"Scheerbart, Paul",118606816,,,0,0,0,0
qd,tvbm.0,Der Herr vom Jenseits,de,"Scheerbart, Paul",118606816,,,0,1904,0,0
qd,tvc5.0,"Der alte Petrus, oder Im Himmel spukt es auch",de,"Scheerbart, Paul",118606816,,,0,0,0,0
qd,tvc9.0,Die lustigen Räuber,de,"Scheerbart, Paul",118606816,,,0,0,0,0
qd,tvcm.0,Die Wurzeln der Wohlhabenheit,de,"Scheerbart, Paul",118606816,,,0,0,0,0
qd,tvdq.0,Es lebe Europa!,de,"Scheerbart, Paul",118606816,,,0,0,0,0
qd,tvdx.0,Der Schornsteinfeger,de,"Scheerbart, Paul",118606816,,,0,1904,0,0
qd,tvfs.0,Die Puppe und die Dauerwurst,de,"Scheerbart, Paul",118606816,,,0,0,0,0
qd,tvg7.0,Herr Kammerdiener Kneetschke,de,"Scheerbart, Paul",118606816,,,0,0,0,0
qd,tvgd.0,Rübezahl,de,"Scheerbart, Paul",118606816,,,0,0,0,0
qd,tvgg.0,Der fanatische Bürgermeister,de,"Scheerbart, Paul",118606816,,,0,1904,0,0
qd,tvgp.0,Das dumme Luder,de,"Scheerbart, Paul",118606816,,,0,1904,0,0
qd,tvgr.0,Der Wetterfürst,de,"Scheerbart, Paul",118606816,,,0,1904,0,0
qd,twnw.0,Die Zauberflöte,de,"Schikaneder, Johann Emanuel",11860757X,,,1791,0,0,0
qd,twt3.0,Maria Stuart,de,"Schiller, Friedrich",118607626,,,1800,0,0,0
qd,tx4z.0,"Don Carlos, Infant von Spanien",de,"Schiller, Friedrich",118607626,,,1787,1787,1787,0
qd,txtj.0,Wallensteins Lager,de,"Schiller, Friedrich",118607626,,,1798,1798,0,0
qd,tz0c.0,Wilhelm Tell,de,"Schiller, Friedrich",118607626,,,1804,0,0,0
qd,tz39.0,Kabale und Liebe,de,"Schiller, Friedrich",118607626,,,1783,0,0,0
qd,tz6r.0,Die Piccolomini,de,"Schiller, Friedrich",118607626,,,1798,1798,0,0
qd,tz9d.0,Die Jungfrau von Orleans,de,"Schiller, Friedrich",118607626,,,1801,0,0,0
qd,tzgk.0,Die Verschwörung des Fiesco zu Genua,de,"Schiller, Friedrich",118607626,,,1782,0,0,0
qd,v0fv.0,Die Räuber,de,"Schiller, Friedrich",118607626,,,1780,1781,1882,0
qd,v0nx.0,Wallensteins Tod,de,"Schiller, Friedrich",118607626,,,1799,1799,0,0
qd,v183.0,Der neue Doktor Faust,de,"Schink, Johann Friedrich",118607774,,,0,0,0,0
qd,v186.0,Hanswurst von Salzburg mit dem hölzernen Gat,de,"Schink, Johann Friedrich",118607774,,,0,0,0,0
qd,v18g.0,Meister Oelze,de,"Schlaf, Johannes",118607871,,,1892,0,0,0
qd,v1sm.0,Jon,de,"Schlegel, August Wilhelm",118607960,,,0,0,0,0
qd,v341.0,Alarkos,de,"Schlegel, Friedrich",118607987,,,1801,1802,1802,0
qd,v3mq.0,Canut,de,"Schlegel, Johann Elias",118608002,,,1746,1746,0,0
qd,v3mw.0,Die stumme Schönheit,de,"Schlegel, Johann Elias",118608002,,,1747,1747,1754,0
qd,v3mx.0,Der geschäftige Müßiggänger,de,"Schlegel, Johann Elias",118608002,,,1741,1743,0,0
qd,v3n4.0,Der Triumph der guten Frauen,de,"Schlegel, Johann Elias",118608002,,,1747,1748,0,0
qd,v3q4.0,Der Zigeunerbaron,de,"Schnitzer, Ignaz",121068218,,,0,0,1885,0
qd,v3qp.0,II. Der tapfere Cassian,de,"Schnitzler, Arthur",118609807,,,0,0,0,0
qd,v3rv.0,Der grüne Kakadu,de,"Schnitzler, Arthur",118609807,,,1898,1899,1899,0
qd,v3rz.0,I. Der Puppenspieler,de,"Schnitzler, Arthur",118609807,,,1904,0,0,0
qd,v3sh.0,Der einsame Weg,de,"Schnitzler, Arthur",118609807,,,0,0,0,0
qd,v3sw.0,Komtesse Mizzi oder Der Familientag,de,"Schnitzler, Arthur",118609807,,,0,0,0,0
qd,v3t3.0,Anatols Größenwahn,de,"Schnitzler, Arthur",118609807,,,1891,1955,1932,0
qd,v3t6.0,III. Zum grossen Wurstel,de,"Schnitzler, Arthur",118609807,,,1904,1906,1906,0
qd,v3tw.0,Professor Bernhardi,de,"Schnitzler, Arthur",118609807,,,0,0,0,0
qd,v3vb.0,Liebelei,de,"Schnitzler, Arthur",118609807,,,0,0,0,0
qd,v3vp.0,Anatol,de,"Schnitzler, Arthur",118609807,,,0,0,0,0
qd,v3vz.0,Das weite Land,de,"Schnitzler, Arthur",118609807,,,1910,1910,1911,0
qd,v3w3.0,Reigen,de,"Schnitzler, Arthur",118609807,,,0,0,0,0
qd,v401.0,Alfonso und Estrella,de,"Schober, Franz von",116849436,,,1822,0,1854,0
qd,v409.0,Der Raub der Sabinerinnen,de,"Schönthan, Franz und Paul von",116889292,,,1883,0,1884,0
qd,vhgn.0,Der Vetter in Lissabon,de,"Schröder, Friedrich Ludwig",118610813,,,0,0,0,0
qd,vmvc.0,Julius Cäsar,de,"Shakespeare, William",118613723,"Schlegel, August Wilhelm",118607960,0,0,0,0
qd,vmw0.0,König Richard II.,de,"Shakespeare, William",118613723,"Schlegel, August Wilhelm",118607960,0,0,0,0
qd,vmw8.0,König Heinrich VI. Dritter Teil,de,"Shakespeare, William",118613723,"Schlegel, August Wilhelm",118607960,0,0,0,0
qd,vmwh.0,Was ihr wollt,de,"Shakespeare, William",118613723,"Schlegel, August Wilhelm",118607960,0,0,0,0
qd,vmxv.0,Viel Lärmen um nichts,de,"Shakespeare, William",118613723,"Baudissin, Wolf Graf von",1075372348,0,0,0,0
qd,vn0c.0,König Heinrich VI. Erster Teil,de,"Shakespeare, William",118613723,"Schlegel, August Wilhelm",118607960,0,0,0,0
qd,vn0h.0,Der Sturm,de,"Shakespeare, William",118613723,"Schlegel, August Wilhelm",118607960,0,0,0,0
qd,vn0r.0,Titus Andronicus,de,"Shakespeare, William",118613723,"Baudissin, Wolf Graf von",1075372348,0,0,0,0
qd,vn11.0,Ein Sommernachtstraum,de,"Shakespeare, William",118613723,"Schlegel, August Wilhelm",118607960,0,0,0,0
qd,vn1b.0,Wie es euch gefällt,de,"Shakespeare, William",118613723,"Schlegel, August Wilhelm",118607960,0,0,0,0
qd,vn1q.0,Timon von Athen,de,"Shakespeare, William",118613723,"Tieck, Dorothea",11737606X,0,0,0,0
qd,vn1w.0,Der Kaufmann von Venedig,de,"Shakespeare, William",118613723,"Schlegel, August Wilhelm",118607960,0,0,0,0
qd,vn2c.0,Das Wintermärchen,de,"Shakespeare, William",118613723,"Tieck, Dorothea",11737606X,0,0,0,0
qd,vn2f.0,Coriolanus,de,"Shakespeare, William",118613723,"Tieck, Dorothea",11737606X,0,0,0,0
qd,vn2s.0,Macbeth,de,"Shakespeare, William",118613723,"Tieck, Dorothea",11737606X,0,0,0,0
qd,vn3b.0,Die lustigen Weiber von Windsor,de,"Shakespeare, William",118613723,"Baudissin, Wolf Graf von",1075372348,0,0,0,0
qd,vn3t.0,"Ende gut, alles gut",de,"Shakespeare, William",118613723,"Baudissin, Wolf Graf von",1075372348,0,0,0,0
qd,vn3v.0,König Heinrich IV. Zweiter Teil,de,"Shakespeare, William",118613723,"Schlegel, August Wilhelm",118607960,0,0,0,0
qd,vn41.0,Cymbeline,de,"Shakespeare, William",118613723,"Tieck, Dorothea",11737606X,0,0,0,0
qd,vn4h.0,Der Widerspenstigen Zähmung,de,"Shakespeare, William",118613723,"Baudissin, Wolf Graf von",1075372348,0,0,0,0
qd,vn4q.0,Troilus und Cressida,de,"Shakespeare, William",118613723,"Baudissin, Wolf Graf von",1075372348,0,0,0,0
qd,vn59.0,König Heinrich VIII.,de,"Shakespeare, William",118613723,"Baudissin, Wolf Graf von",1075372348,0,0,0,0
qd,vn5n.0,Perikles,de,"Shakespeare, William",118613723,"Tieck, Ludwig",12989432X,0,0,0,0
qd,vn60.0,Die beiden edlen Vettern,de,"Shakespeare, William",118613723,"Gelbcke, Ferdinand Adolf",1023873885,0,0,0,0
qd,vn79.0,Die beiden Veroneser,de,"Shakespeare, William",118613723,,,0,0,0,0
qd,vn7q.0,Othello,de,"Shakespeare, William",118613723,"Baudissin, Wolf Graf von",1075372348,0,0,0,0
qd,vn90.0,Die Komödie der Irrungen,de,"Shakespeare, William",118613723,"Baudissin, Wolf Graf von",1075372348,0,0,0,0
qd,vnbs.0,Maß für Maß,de,"Shakespeare, William",118613723,"Baudissin, Wolf Graf von",1075372348,0,0,0,0
qd,vncw.0,Hamlet. Prinz von Dänemark,de,"Shakespeare, William",118613723,"Schlegel, August Wilhelm",118607960,0,0,0,0
qd,vnd5.0,Liebes Leid und Lust,de,"Shakespeare, William",118613723,"Baudissin, Wolf Graf von",1075372348,0,0,0,0
qd,vndf.0,Romeo und Julia,de,"Shakespeare, William",118613723,"Schlegel, August Wilhelm",118607960,0,0,0,0
qd,vnf1.0,König Heinrich V.,de,"Shakespeare, William",118613723,"Schlegel, August Wilhelm",118607960,0,0,0,0
qd,vnfd.0,König Richard III.,de,"Shakespeare, William",118613723,"Schlegel, August Wilhelm",118607960,0,0,0,0
qd,vnft.0,Antonius und Cleopatra,de,"Shakespeare, William",118613723,"Baudissin, Wolf Graf von",1075372348,0,0,0,0
qd,vnfz.0,König Lear,de,"Shakespeare, William",118613723,"Baudissin, Wolf Graf von",1075372348,0,0,0,0
qd,vnh9.0,König Heinrich VI. Zweiter Teil,de,"Shakespeare, William",118613723,"Schlegel, August Wilhelm",118607960,0,0,0,0
qd,vnj5.0,König Heinrich IV. Erster Teil,de,"Shakespeare, William",118613723,"Schlegel, August Wilhelm",118607960,0,0,0,0
qd,vnjn.0,König Johann,de,"Shakespeare, William",118613723,"Schlegel, August Wilhelm",118607960,0,0,0,0
qd,vnmx.0,Doctor Johannes Faust,de,"Simrock, Karl",118614576,,,0,1846,0,0
qd,vnn3.0,Doktor Faust,de,"Soden, Julius von",118852027,,,0,1797,0,0
qd,vpv1.0,Fidelio,de,"Sonnleithner, Joseph Ferdinand von",104332042,,,0,0,0,0
qd,vpvw.0,Der Sieg des Christos,de,"Sorge, Reinhard Johannes",118798065,,,1914,1924,0,0
qd,vpvx.0,Odysseus,de,"Sorge, Reinhard Johannes",118798065,,,1911,0,0,0
qd,vrcn.0,Mudder Mews,de,"Stavenhagen, Fritz",118752901,,,0,0,0,0
qd,vrdc.0,Der Schauspieldirektor,de,"Stephanie, Johann Gottlieb (der Jüngere)",119545799,,,0,1786,0,0
qd,vrdj.0,Doktor und Apotheker,de,"Stephanie, Johann Gottlieb (der Jüngere)",119545799,,,0,0,0,0
qd,vrdk.0,Die Entführung aus dem Serail,de,"Stephanie, Johann Gottlieb (der Jüngere)",119545799,,,0,0,0,0
qd,vrds.0,Die Liebe im Narrenhause,de,"Stephanie, Johann Gottlieb (der Jüngere)",119545799,,,0,1788,0,0
qd,w3zd.0,Julie,de,"Sturz, Helfrich Peter",118619756,,,0,1767,1768,0
qd,w407.0,Heimat,de,"Sudermann, Hermann",118619853,,,0,0,0,0
qd,w40m.0,Der Bettler von Syrakus,de,"Sudermann, Hermann",118619853,,,0,1911,1911,0
qd,w40n.0,Die Ehre,de,"Sudermann, Hermann",118619853,,,0,0,0,0
qd,wbvk.0,Die Lokalbahn,de,"Thoma, Ludwig",118622072,,,1902,1902,1902,0
qd,wc0g.0,Magdalena,de,"Thoma, Ludwig",118622072,,,0,0,0,0
qd,wc9p.0,Die Medaille,de,"Thoma, Ludwig",118622072,,,1901,0,0,0
qd,wc9q.0,Lottchens Geburtstag,de,"Thoma, Ludwig",118622072,,,0,0,0,0
qd,wcbf.0,Erster Klasse,de,"Thoma, Ludwig",118622072,,,1910,1910,1910,0
qd,wcj0.0,Moral,de,"Thoma, Ludwig",118622072,,,0,0,0,0
qd,wd1q.0,Prinz Zerbino oder die Reise nach dem guten Geschmack,de,"Tieck, Ludwig",12989432X,,,1797,1799,0,0
qd,wd6t.0,Ritter Blaubart,de,"Tieck, Ludwig",12989432X,,,0,0,1835,0
qd,wdq6.0,Die verkehrte Welt,de,"Tieck, Ludwig",12989432X,,,1798,0,1925,0
qd,wdvq.0,Der gestiefelte Kater,de,"Tieck, Ludwig",12989432X,,,0,0,0,0
qd,wf6k.0,Agnes Bernauerin,de,"Törring, Josef August von",118802399,,,0,0,1781,0
qd,wp6p.0,Ludwig der Bayer,de,"Uhland, Ludwig",118625063,,,1818,0,0,0
qd,wpvj.0,Ernst Herzog von Schwaben,de,"Uhland, Ludwig",118625063,,,1817,1818,1818,0
qd,wz0s.0,Faust III,de,"Vischer, Friedrich Theodor",11862721X,,,0,1862,0,0
qd,wzgs.0,Faust. Trauerspiel mit Gesang und Tanz,de,"Voß, Julius von",118627929,,,0,0,0,0
qd,wznj.0,Die Kindermörderin,de,"Wagner, Heinrich Leopold",11862833X,,,1776,0,1777,0
qd,wznq.0,Voltaire am Abend seiner Apotheose,de,"Wagner, Heinrich Leopold",11862833X,,,0,1778,0,0
qd,wznr.0,Die Reue nach der That,de,"Wagner, Heinrich Leopold",11862833X,,,0,0,0,0
qd,wzp1.0,Götterdämmerung,de,"Wagner, Richard",118594117,,,1874,0,0,0
qd,wzp6.0,Die Walküre,de,"Wagner, Richard",118594117,,,0,0,0,0
qd,wzp9.0,Die Meistersinger von Nürnberg,de,"Wagner, Richard",118594117,,,1861,0,0,0
qd,wzpd.0,Siegfried,de,"Wagner, Richard",118594117,,,0,0,0,0
qd,wzph.0,Das Rheingold,de,"Wagner, Richard",118594117,,,0,0,0,0
qd,wzpp.0,Tannhäuser und Der Sängerkrieg auf Wartburg,de,"Wagner, Richard",118594117,,,1845,1845,1845,0
qd,wzps.0,Parsifal,de,"Wagner, Richard",118594117,,,1877,1877,1882,0
qd,wzpz.0,Lohengrin,de,"Wagner, Richard",118594117,,,1846,1850,1850,0
qd,wzq0.0,Der fliegende Holländer,de,"Wagner, Richard",118594117,,,1841,0,1843,0
qd,wzq9.0,Tristan und Isolde,de,"Wagner, Richard",118594117,,,0,0,0,0
qd,x34j.0,Frühlings Erwachen,de,"Wedekind, Frank",118629867,,,0,0,0,0
qd,x37n.0,Musik,de,"Wedekind, Frank",118629867,,,0,0,0,0
qd,x37q.0,Franziska. Ein modernes Mysterium in fünf Akten,de,"Wedekind, Frank",118629867,,,1911,1912,1912,0
qd,x390.0,Hidalla oder Sein und Haben,de,"Wedekind, Frank",118629867,,,0,0,0,0
qd,x39r.0,Der Kammersänger,de,"Wedekind, Frank",118629867,,,0,0,0,0
qd,x3b4.0,König Nicolo oder So ist das Leben,de,"Wedekind, Frank",118629867,,,1901,1902,1902,0
qd,x3bf.0,Die Büchse der Pandora,de,"Wedekind, Frank",118629867,,,0,0,0,0
qd,x3bs.0,Fritz Schwigerling oder Der Liebestrank,de,"Wedekind, Frank",118629867,,,1892,0,0,0
qd,x3cm.0,Tod und Teufel (Totentanz),de,"Wedekind, Frank",118629867,,,0,0,0,0
qd,x3cv.0,Die Zensur,de,"Wedekind, Frank",118629867,,,0,0,0,0
qd,x3d6.0,Der Marquis von Keith,de,"Wedekind, Frank",118629867,,,1900,0,0,0
qd,x3f6.0,Erdgeist,de,"Wedekind, Frank",118629867,,,0,0,0,0
qd,x3zz.0,Der Dorfbarbier,de,"Weidmann, Paul",119497921,,,0,0,0,0
qd,x400.0,Johann Faust,de,"Weidmann, Paul",119497921,,,1775,1775,1775,0
qd,x4gj.0,Atreus und Thyest,de,"Weiße, Christian Felix",118630563,,,1766,1766,1766,0
qd,x4q9.0,Die Jagd,de,"Weiße, Christian Felix",118630563,,,1769,0,0,0
qd,x4vf.0,Das Manuscript,de,"Weißenthurn, Johanna von",116752505,,,0,0,0,0
qd,x4vh.0,Welche ist die Braut!,de,"Weißenthurn, Johanna von",116752505,,,0,0,0,0
qd,x4vp.0,Welcher ist der Bräutigam,de,"Weißenthurn, Johanna von",116752505,,,0,0,0,0
qd,x4vq.0,"Johann, Herzog von Finnland",de,"Weißenthurn, Johanna von",116752505,,,0,0,0,0
qd,x4vx.0,Die Schwestern St. Janvier,de,"Weißenthurn, Johanna von",116752505,,,0,0,0,0
qd,x5bv.0,Der vierundzwanzigste Februar,de,"Werner, Zacharias",118767208,,,1808,1815,1810,0
qd,x82c.0,Hänsel und Gretel,de,"Wette, Adelheid",119514125,,,1890,0,0,0
qd,x8cf.0,Maikäfer-Komödie,de,"Widmann, Joseph Viktor",118632302,,,1896,1897,1942,0
qd,x8fs.0,Lady Johanna Gray,de,"Wieland, Christoph Martin",118632477,,,1758,1758,1758,0
qd,x8hc.0,Klementina von Porretta,de,"Wieland, Christoph Martin",118632477,,,1759,1760,0,0
qd,x8ks.0,Alceste,de,"Wieland, Christoph Martin",118632477,,,1773,0,0,0
qd,x8mr.0,Der Meister von Palmyra,de,"Wilbrandt, Adolf von",118807250,,,1889,1889,1892,0
qd,x8mw.0,Gracchus der Volkstribun,de,"Wilbrandt, Adolf von",118807250,,,0,1872,1872,0
qd,x8nh.0,Die Quitzows,de,"Wildenbruch, Ernst von",118771760,,,0,1888,1888,0
qd,x8np.0,Die Haubenlerche,de,"Wildenbruch, Ernst von",118771760,,,0,0,0,0
qd,x8nq.0,Die Karolinger,de,"Wildenbruch, Ernst von",118771760,,,0,1881,1881,0
qd,x90m.0,Armut,de,"Wildgans, Anton",118632841,,,1914,0,0,0
qd,x90s.0,Dies irae,de,"Wildgans, Anton",118632841,,,1918,1918,1919,0
qd,x90t.0,In Ewigkeit Amen,de,"Wildgans, Anton",118632841,,,1912,0,0,0
qd,x9jv.0,Der Vampyr,de,"Wohlbrück, Wilhelm August",124953271,,,0,0,0,0
qd,xknr.0,Abellino,de,"Zschokke, Heinrich",118637266,,,1793,0,0,0
