"corpus","drama","documentTitle","language","Name","Pnd","Translator.Name","Translator.Pnd","Date.Written","Date.Printed","Date.Premiere","Date.Translation"
"tg","11d11.0","Faust. Der Tragödie zweiter Teil","de","Goethe, Johann Wolfgang",NA,NA,NA,1831,1832,1854,0
"tg","11d1w.0","Zueignung","de","Goethe, Johann Wolfgang",NA,NA,NA,0,0,0,0
"tg","11d2m.0","Torquato Tasso","de","Goethe, Johann Wolfgang",NA,NA,NA,1788,1790,1807,0
"tg","11d42.0","Die Aufgeregten","de","Goethe, Johann Wolfgang",NA,NA,NA,0,0,0,0
"tg","11dtg.0","Prolog im Himmel","de","Goethe, Johann Wolfgang",NA,NA,NA,0,0,0,0
"tg","11f78.0","Iphigenie auf Tauris","de","Goethe, Johann Wolfgang",NA,NA,NA,0,1787,1800,0
"tg","11f7n.0","Faust [in ursprünglicher Gestalt]","de","Goethe, Johann Wolfgang",NA,NA,NA,0,0,0,0
"tg","11f81.0","Clavigo","de","Goethe, Johann Wolfgang",NA,NA,NA,0,1774,1774,0
"tg","11f9k.0","Der Bürgergeneral","de","Goethe, Johann Wolfgang",NA,NA,NA,0,1793,0,0
"tg","11fg5.0","Pandora","de","Goethe, Johann Wolfgang",NA,NA,NA,0,0,0,0
"tg","11fzp.0","Die Laune des Verliebten","de","Goethe, Johann Wolfgang",NA,NA,NA,1768,1806,1779,0
"tg","11g1d.0","Götz von Berlichingen mit der eisernen Hand","de","Goethe, Johann Wolfgang",NA,NA,NA,0,1773,0,0
"tg","11g3h.0","Die natürliche Tochter","de","Goethe, Johann Wolfgang",NA,NA,NA,1803,1804,1803,0
"tg","11g5f.0","Der Großkophta","de","Goethe, Johann Wolfgang",NA,NA,NA,0,1792,0,0
"tg","11g5g.0","Des Epimenides Erwachen","de","Goethe, Johann Wolfgang",NA,NA,NA,0,1815,1815,0
"tg","11g5q.0","Vorspiel auf dem Theater","de","Goethe, Johann Wolfgang",NA,NA,NA,1806,1808,1819,0
"tg","11g5w.0","Claudine von Villa Bella","de","Goethe, Johann Wolfgang",NA,NA,NA,0,0,0,0
"tg","11g68.0","Das Jahrmarktsfest zu Plundersweilern","de","Goethe, Johann Wolfgang",NA,NA,NA,0,0,0,0
"tg","11g9q.0","Faust. Der Tragödie erster Teil","de","Goethe, Johann Wolfgang",NA,NA,NA,0,0,0,0
"tg","11g9w.0","Egmont","de","Goethe, Johann Wolfgang",NA,NA,NA,1787,1788,1791,0
"tg","11gn9.0","Satyros oder der vergötterte Waldteufel","de","Goethe, Johann Wolfgang",NA,NA,NA,1773,1817,0,0
"tg","11gtp.0","Erwin und Elmire","de","Goethe, Johann Wolfgang",NA,NA,NA,1775,1775,1775,0
"tg","11gx9.0","Prometheus","de","Goethe, Johann Wolfgang",NA,NA,NA,0,0,0,0
"tg","11h10.0","Der Triumph der Empfindsamkeit","de","Goethe, Johann Wolfgang",NA,NA,NA,1779,1787,1778,0
"tg","11h60.0","Götter, Helden und Wieland","de","Goethe, Johann Wolfgang",NA,NA,NA,1773,1774,0,0
"tg","11hb1.0","Die Mitschuldigen","de","Goethe, Johann Wolfgang",NA,NA,NA,1769,1909,1776,0
"tg","11hb5.0","Proserpina","de","Goethe, Johann Wolfgang",NA,NA,NA,0,1778,1778,0
"tg","11hdv.0","Stella","de","Goethe, Johann Wolfgang",NA,NA,NA,0,1776,1776,0
"tg","12675.0","Die Nase des Michelangelo","de","Ball, Hugo","118506234",NA,NA,1908,1911,0,0
"tg","jkhx.0","Der gefesselte Proemetheus","de","Aischylos",NA,NA,NA,0,0,0,0
"tg","jkj1.0","Die Orestie","de","Aischylos",NA,NA,NA,0,0,0,0
"tg","jkjb.0","Im Suff","de","Alberti, Konrad","116009926",NA,NA,0,1890,0,0
"tg","jkjf.0","Brot!","de","Alberti, Konrad","116009926",NA,NA,1888,1888,0,0
"tg","jn5z.0","Das vierte Gebot","de","Anzengruber, Ludwig","11850357X",NA,NA,0,1878,1877,0
"tg","jn65.0","Der Meineidbauer","de","Anzengruber, Ludwig","11850357X",NA,NA,0,1871,1871,0
"tg","jn6f.0","Die Kreuzelschreiber","de","Anzengruber, Ludwig","11850357X",NA,NA,0,1872,1872,0
"tg","jn6k.0","Der Gwissenswurm","de","Anzengruber, Ludwig","11850357X",NA,NA,0,1874,1874,0
"tg","jn6r.0","Heimg'funden","de","Anzengruber, Ludwig","11850357X",NA,NA,1885,1885,1885,0
"tg","jn73.0","Der Pfarrer von Kirchfeld","de","Anzengruber, Ludwig","11850357X",NA,NA,1869,1871,1870,0
"tg","jnhh.0","Ein ander lustig Pickelherings Spiel","de","Anonym",NA,NA,NA,0,0,0,0
"tg","jnhn.0","Das Münchner Spiel vom sterbenden Menschen","de","Anonym",NA,NA,NA,0,0,0,0
"tg","jnj6.0","Pyramus und Thisbe","de","Anonym",NA,NA,NA,0,0,0,0
"tg","k1f7.0","Die Vögel","de","Aristophanes",NA,NA,NA,0,0,0,0
"tg","k1fb.0","Die Wolken","de","Aristophanes",NA,NA,NA,0,0,0,0
"tg","k1ff.0","Lysistrate","de","Aristophanes",NA,NA,NA,0,0,0,0
"tg","k4xx.0","Marino Caboga","de","Arnim, Ludwig Achim von","118504177",NA,NA,0,1826,0,0
"tg","k59h.0","Jerusalem","de","Arnim, Ludwig Achim von","118504177",NA,NA,0,1811,0,0
"tg","k77x.0","Halle","de","Arnim, Ludwig Achim von","118504177",NA,NA,0,1811,0,0
"tg","k7f7.0","Das Loch","de","Arnim, Ludwig Achim von","118504177",NA,NA,1811,1813,1811,0
"tg","k8cn.0","Der Rauchfangkehrer","de","Auenbrugger, Johann Leopold von","117668931",NA,NA,0,0,1781,0
"tg","k936.0","Faust","de","Avenarius, Ferdinand","118651218",NA,NA,0,1919,0,0
"tg","k93c.0","Virginia oder das abgeschaffte Decemvirat","de","Ayrenhoff, Cornelius Hermann von","118869647",NA,NA,0,1790,0,0
"tg","k93g.0","Der Postzug oder die noblen Passionen","de","Ayrenhoff, Cornelius Hermann von","118869647",NA,NA,0,1769,0,0
"tg","k93r.0","Von zweyn Brüdern aus Syracusa","de","Ayrer, Jakob",NA,NA,NA,0,0,0,0
"tg","k93v.0","Sidea","de","Ayrer, Jakob",NA,NA,NA,0,0,0,0
"tg","k940.0","Wie einem Weib jhr eygner Mann verkuppelt wird","de","Ayrer, Jakob",NA,NA,NA,0,0,0,0
"tg","k942.0","Theseus","de","Ayrer, Jakob",NA,NA,NA,0,0,0,0
"tg","kcj3.0","Der vollendete Faust oder Romanien in Jauer","de","Baggesen, Jens","118505904",NA,NA,0,0,0,0
"tg","kd4c.0","Die Bürger in Wien","de","Bäuerle, Adolf","119560038",NA,NA,0,1820,1813,0
"tg","kd4g.0","Doktor Faust's Mantel","de","Bäuerle, Adolf","119560038",NA,NA,0,1819,0,0
"tg","kd4r.0","Industrie und Herz","de","Bauernfeld, Eduard von","118507400",NA,NA,0,1847,1842,0
"tg","kd4v.0","Großjährig","de","Bauernfeld, Eduard von","118507400",NA,NA,0,1846,1846,0
"tg","kd4z.0","Bürgerlich und Romantisch","de","Bauernfeld, Eduard von","118507400",NA,NA,1835,1837,1835,0
"tg","kd58.0","Figaros Hochzeit oder Der tolle Tag","de","Beaumarchais, Pierre Augustin Caron de","118507850",NA,NA,0,0,0,0
"tg","kjfc.0","Struensee","de","Beer, Michael","118657887",NA,NA,1827,1829,1828,0
"tg","kjfg.0","Der Paria","de","Beer, Michael","118657887",NA,NA,0,1826,1823,0
"tg","kjfz.0","Die Lügnerin","de","Benedix, Julius Roderich","118658166",NA,NA,0,1862,0,0
"tg","kjg2.0","Die Hochzeitsreise","de","Benedix, Julius Roderich","118658166",NA,NA,1849,1862,0,0
"tg","kjgc.0","Die Jubelfeier der Hölle, oder Faust der jüngere","de","Benkowitz, Karl Friedrich","116121009",NA,NA,0,1801,0,0
"tg","kjgj.0","Berlin, wie es weint und lacht","de","Berg, O. F.","116329696",NA,NA,0,1858,1858,0
"tg","kjgv.0","Faust","de","Bernard, Josef Karl","130101494",NA,NA,0,0,1816,0
"tg","kmdh.0","In der Heimath","de","Birch-Pfeiffer, Charlotte","118658875",NA,NA,0,0,1865,0
"tg","kmdk.0","Die Walpurgisnacht","de","Birch-Pfeiffer, Charlotte","118658875",NA,NA,1827,1866,1830,0
"tg","kmdp.0","Johannes Gutenberg","de","Birch-Pfeiffer, Charlotte","118658875",NA,NA,1834,1836,1835,0
"tg","kmdt.0","Vatersorgen","de","Birch-Pfeiffer, Charlotte","118658875",NA,NA,1849,1849,1850,0
"tg","kmdw.0","Pfeffer-Rösel","de","Birch-Pfeiffer, Charlotte","118658875",NA,NA,0,0,1829,0
"tg","kmf6.0","Zorobabel","de","Birck, Sixt","118859730",NA,NA,0,0,0,0
"tg","kmf9.0","Ezechias","de","Birck, Sixt","118859730",NA,NA,0,0,0,0
"tg","kmff.0","Judith","de","Birck, Sixt","118859730",NA,NA,0,0,0,0
"tg","kmfh.0","Susanna","de","Birck, Sixt","118859730",NA,NA,0,0,0,0
"tg","kmpd.0","Über die Kraft I","de","Bjørnson, Bjørnstjerne","118511459",NA,NA,0,0,0,0
"tg","kmq3.0","Ein Faust der That","de","Bleibtreu, Karl","118663909",NA,NA,0,1889,0,0
"tg","kmqb.0","Weltgericht","de","Bleibtreu, Karl","118663909",NA,NA,0,1888,1902,0
"tg","knb2.0","Im weißen Rößl","de","Blumenthal, Oskar","118659111",NA,NA,0,1898,1898,0
"tg","kp19.0","Odoardo Galotti, Vater der Emilia","de","Bodmer, Johann Jacob","118512315",NA,NA,0,1776,0,0
"tg","kpkv.0","Der Bookesbeutel","de","Borkenstein, Hinrich","100428428",NA,NA,0,1742,0,0
"tg","kpsk.0","De rode Ünnerrock","de","Boßdorf, Hermann","118659405",NA,NA,0,1923,0,0
"tg","kpsp.0","Bahnmeister Dood","de","Boßdorf, Hermann","118659405",NA,NA,0,1919,0,0
"tg","kpsz.0","Der hochmütige, gestürzte und wieder erhabene Croesus","de","Bostel, Lukas von","123383927",NA,NA,0,0,0,0
"tg","kq01.0","Narziß","de","Brachvogel, Albert Emil","119163454",NA,NA,0,0,0,0
"tg","kq0s.0","Ino","de","Brandes, Johann Christian","118673165",NA,NA,0,0,1779,0
"tg","kq0w.0","Ariadne auf Naxos","de","Brandes, Johann Christian","118673165",NA,NA,0,0,1775,0
"tg","kq1k.0","Tugent Spyl (Hercules am Scheideweg)","de","Brant, Sebastian","118514474",NA,NA,0,0,0,0
"tg","kq6g.0","Das Nachtlager von Granada","de","Braun von Braunthal, Karl Johann","116428384",NA,NA,0,0,1834,0
"tg","kq6k.0","Faust","de","Braun von Braunthal, Karl Johann","116428384",NA,NA,0,1835,0,0
"tg","kq6v.0","Der Freigeist","de","Brawe, Joachim Wilhelm von","11865991X",NA,NA,0,1758,0,0
"tg","kqwr.0","Ponce de Leon","de","Brentano, Clemens","118515055",NA,NA,1801,1804,1814,0
"tg","krdh.0","Die Gründung Prags","de","Brentano, Clemens","118515055",NA,NA,1814,1815,0,0
"tg","krf8.0","Belmont und Constanze","de","Bretzner, Christoph Friedrich","115849238",NA,NA,0,0,1781,0
"tg","krfj.0","Fidelio","de","Breuning, Stephan von","138590095",NA,NA,0,0,0,0
"tg","ksbx.0","Jacob und seine zwölf Söhne","de","Brunner, Thomas","118516213",NA,NA,0,0,0,0
"tg","kscn.0","Leonce und Lena","de","Büchner, Georg","118516906",NA,NA,1836,1838,1895,0
"tg","kscv.0","Woyzeck","de","Büchner, Georg","118516906",NA,NA,0,0,0,0
"tg","ksd1.0","Dantons Tod","de","Büchner, Georg","118516906",NA,NA,1834,1835,1902,0
"tg","kssc.0","Der Trompeter von Säkkingen","de","Bunge, Rudolf","117156302",NA,NA,0,0,1884,0
"tg","ktrh.0","Doktor Faust","de","Busoni, Ferruccio","118518011",NA,NA,0,0,0,0
"tg","ktrm.0","Turandot","de","Busoni, Ferruccio","118518011",NA,NA,0,1920,1917,0
"tg","ktsm.0","Manfred","de","Byron, George Gordon Lord","118518208",NA,NA,0,0,0,0
"tg","ktsx.0","Der wundertätige Magus","de","Calderón de la Barca, Pedro","118518399",NA,NA,0,0,0,0
"tg","ktt1.0","Das Leben ein Traum","de","Calderón de la Barca, Pedro","118518399",NA,NA,0,0,0,0
"tg","kv4f.0","Drei Schwestern","de","Čechov, Anton Pavlovič",NA,NA,NA,0,0,0,0
"tg","kw8v.0","Euryanthe","de","Chézy, Helmina von","119360659",NA,NA,0,0,1823,0
"tg","kw94.0","Wunder um Verdun","de","Chlumberg, Hans von","123628911",NA,NA,0,0,0,0
"tg","kw97.0","Die Führer","de","Chlumberg, Hans von","123628911",NA,NA,0,0,0,0
"tg","m086.0","Der Cid","de","Corneille, Pierre","118522175",NA,NA,0,0,0,0
"tg","m08h.0","Der Barbier von Bagdad","de","Cornelius, Peter","118522213",NA,NA,0,0,1858,0
"tg","m0br.0","Der Mißtrauische","de","Cronegk, Johann Friedrich von","11852285X",NA,NA,0,1760,1766,0
"tg","mgfk.0","Hans Heiling","de","Devrient, Philipp Eduard","118525042",NA,NA,0,0,1833,0
"tg","mgfp.0","Die Gunst des Augenblicks","de","Devrient, Philipp Eduard","118525042",NA,NA,0,1836,1880,0
"tg","mhq8.0","Mona Lisa","de","Dovsky, Beatrice","12686022X",NA,NA,0,0,1915,0
"tg","mjbp.0","Perdu! oder Dichter, Verleger und Blaustrümpfe","de","Droste-Hülshoff, Annette von","118527533",NA,NA,1840,1886,0,0
"tg","mk3n.0","Die Wände","de","Dulk, Albert","118869345",NA,NA,0,1848,0,0
"tg","mr3k.0","Der letzte Held von Marienburg","de","Eichendorff, Joseph von","118529390",NA,NA,0,1830,1831,0
"tg","msdg.0","Das Incognito","de","Eichendorff, Joseph von","118529390",NA,NA,1843,1901,0,0
"tg","msqv.0","Die Freier","de","Eichendorff, Joseph von","118529390",NA,NA,0,1833,1849,0
"tg","mv71.0","Die Geisterinsel","de","Einsiedel, Friedrich Hildebrand von","118681818",NA,NA,0,0,0,0
"tg","mv7f.0","Eid und Pflicht","de","Engel, Johann Jakob","11868468X",NA,NA,1776,1803,0,0
"tg","mvqk.0","Das Spiel von Doktor Faust","de","Ertler, Bruno","105488437",NA,NA,1922,0,1923,0
"tg","mvqp.0","Belian und Marpalye","de","Ertler, Bruno","105488437",NA,NA,1923,1924,1924,0
"tg","mvqs.0","Anna Iwanowna","de","Ertler, Bruno","105488437",NA,NA,1919,1920,1920,0
"tg","mvr3.0","Der Frauenmut","de","Essig, Hermann","118531212",NA,NA,1911,1912,1914,0
"tg","mvrf.0","Überteufel","de","Essig, Hermann","118531212",NA,NA,1906,1912,1923,0
"tg","mvrr.0","Medea","de","Euripides","118531395",NA,NA,0,0,0,0
"tg","mvrv.0","Iphigenie in Aulis","de","Euripides","118531395",NA,NA,0,0,0,0
"tg","n0xc.0","Cili Cohrs","de","Fock, Gorch","118691988",NA,NA,0,1914,0,0
"tg","n23j.0","Der Held des Nordens","de","Fouqué, Friedrich de la Motte","104066512",NA,NA,0,1810,0,0
"tg","n2k7.0","Die Journalisten","de","Freytag, Gustav","118535455",NA,NA,0,1854,1852,0
"tg","n2kq.0","Graf Waldemar","de","Freytag, Gustav","118535455",NA,NA,1847,1850,1848,0
"tg","n2m1.0","Fraw Wendelgard","de","Frischlin, Nicodemus","118693719",NA,NA,0,0,0,0
"tg","n3cn.0","Der Herrgottschnitzer von Ammergau","de","Ganghofer, Ludwig","118537490",NA,NA,0,1880,1880,0
"tg","n3dj.0","Jessonda","de","Gehe, Eduard Heinrich","102522359",NA,NA,0,0,1828,0
"tg","n750.0","Die zärtlichen Schwestern","de","Gellert, Christian Fürchtegott","118538322",NA,NA,0,1747,0,0
"tg","n79j.0","Die Betschwester","de","Gellert, Christian Fürchtegott","118538322",NA,NA,0,1745,1745,0
"tg","n7rr.0","Der deutsche Hausvater oder die Familie","de","Gemmingen-Hornberg, Otto Heinrich von","118716778",NA,NA,0,1780,0,0
"tg","n7s1.0","Die Fledermaus","de","Genée, Richard","119312212",NA,NA,0,0,0,0
"tg","n7s9.0","Der Nollhart","de","Gengenbach, Pamphilus","11853842X",NA,NA,0,0,0,0
"tg","n7sd.0","Der Gauchmatt","de","Gengenbach, Pamphilus","11853842X",NA,NA,0,0,0,0
"tg","n7sh.0","Die zehn Alter dieser Welt","de","Gengenbach, Pamphilus","11853842X",NA,NA,0,0,0,0
"tg","ndmr.0","Der Moloch","de","Gerhäuser, Emil","11656640X",NA,NA,0,0,1906,0
"tg","nds0.0","Ugolino","de","Gerstenberg, Heinrich Wilhelm von","118690949",NA,NA,0,1768,1769,0
"tg","ndtw.0","Evander und Alcimna","de","Gessner, Salomon","118538969",NA,NA,1762,1762,0,0
"tg","nfdb.0","Die jüngste Walpurgisnacht","de","Glaßbrenner, Adolf","118539698",NA,NA,0,0,0,0
"tg","nfhm.0","Der Eheteufel auf Reisen","de","Gleich, Joseph Alois","119559994",NA,NA,0,1822,1821,0
"tg","nkbv.0","Der Widerspenstigen Zähmung","de","Goetz, Hermann Gustav","118696025",NA,NA,0,0,1874,0
"tg","nkcq.0","Der Diener zweier Herren","de","Goldoni, Carlo","118540505",NA,NA,0,0,0,0
"tg","nkdm.0","Medea","de","Gotter, Friedrich Wilhelm","118540939",NA,NA,0,1782,1775,0
"tg","nkdq.0","Die Geisterinsel","de","Gotter, Friedrich Wilhelm","118540939",NA,NA,0,0,1798,0
"tg","nkdt.0","Der Dorfjahrmarkt","de","Gotter, Friedrich Wilhelm","118540939",NA,NA,0,1778,1775,0
"tg","nks0.0","Der sterbende Cato","de","Gottsched, Johann Christoph","118541013",NA,NA,1730,1732,1731,0
"tg","nkww.0","Atalanta oder die bezwungene Sprödigkeit","de","Gottsched, Johann Christoph","118541013",NA,NA,0,1741,0,0
"tg","nm24.0","Das Testament","de","Gottsched, Luise Adelgunde Victorie","118696734",NA,NA,0,1745,0,0
"tg","nm27.0","Der Witzling","de","Gottsched, Luise Adelgunde Victorie","118696734",NA,NA,0,1745,0,0
"tg","nm2b.0","Die Pietisterey im Fischbein-Rocke","de","Gottsched, Luise Adelgunde Victorie","118696734",NA,NA,0,1736,0,0
"tg","nmf9.0","Kaiser Heinrich der Sechste","de","Grabbe, Christian Dietrich","118541102",NA,NA,0,0,0,0
"tg","nmfg.0","Scherz, Satire, Ironie und tiefere Bedeutung","de","Grabbe, Christian Dietrich","118541102",NA,NA,1822,1827,1876,0
"tg","nmfn.0","Napoleon oder Die hundert Tage","de","Grabbe, Christian Dietrich","118541102",NA,NA,1830,1831,1868,0
"tg","nmfs.0","Kaiser Friedrich Barbarossa","de","Grabbe, Christian Dietrich","118541102",NA,NA,0,0,0,0
"tg","nmfv.0","Hannibal","de","Grabbe, Christian Dietrich","118541102",NA,NA,1835,1835,1918,0
"tg","nmg0.0","Don Juan und Faust","de","Grabbe, Christian Dietrich","118541102",NA,NA,1829,1829,1829,0
"tg","nmg5.0","Herzog Theodor von Gothland","de","Grabbe, Christian Dietrich","118541102",NA,NA,1822,1827,1892,0
"tg","nmgc.0","Die Hermannsschlacht","de","Grabbe, Christian Dietrich","118541102",NA,NA,0,0,0,0
"tg","nns8.0","Der Traum ein Leben","de","Grillparzer, Franz","118542192",NA,NA,1830,1840,1834,0
"tg","np3s.0","Faust","de","Grillparzer, Franz","118542192",NA,NA,0,0,0,0
"tg","np6j.0","Das goldene Vlies","de","Grillparzer, Franz","118542192",NA,NA,0,0,0,0
"tg","npm2.0","Weh dem, der lügt!","de","Grillparzer, Franz","118542192",NA,NA,0,1840,1838,0
"tg","npsg.0","Des Meeres und der Liebe Wellen","de","Grillparzer, Franz","118542192",NA,NA,1829,1840,1831,0
"tg","ns3r.0","Die Jüdin von Toledo","de","Grillparzer, Franz","118542192",NA,NA,1851,1872,1872,0
"tg","ns9c.0","Ein Bruderzwist in Habsburg","de","Grillparzer, Franz","118542192",NA,NA,1848,0,1872,0
"tg","nsv5.0","Die Ahnfrau","de","Grillparzer, Franz","118542192",NA,NA,1816,1817,1817,0
"tg","ntqj.0","Libussa","de","Grillparzer, Franz","118542192",NA,NA,0,0,0,0
"tg","nttc.0","König Ottokars Glück und Ende","de","Grillparzer, Franz","118542192",NA,NA,1823,1825,1825,0
"tg","nv2j.0","Sappho","de","Grillparzer, Franz","118542192",NA,NA,1817,1819,1818,0
"tg","nvk1.0","Ein treuer Diener seines Herrn","de","Grillparzer, Franz","118542192",NA,NA,1827,1830,1828,0
"tg","p5bz.0","Zopf und Schwert","de","Gutzkow, Karl","118543830",NA,NA,1843,1844,1844,0
"tg","p5c7.0","Das Urbild des Tartüffe","de","Gutzkow, Karl","118543830",NA,NA,0,1847,1846,0
"tg","p5c8.0","Richard Savage, Sohn einer Mutter","de","Gutzkow, Karl","118543830",NA,NA,1839,1842,1839,0
"tg","p5cg.0","Uriel Acosta","de","Gutzkow, Karl","118543830",NA,NA,1846,1847,1846,0
"tg","p7dk.0","Catharina von Georgien","de","Gryphius, Andreas","118543032",NA,NA,0,0,0,0
"tg","p7hs.0","Papinianus","de","Gryphius, Andreas","118543032",NA,NA,0,0,0,0
"tg","p7m9.0","Cardenio und Celinde","de","Gryphius, Andreas","118543032",NA,NA,0,0,0,0
"tg","p878.0","Leo Armenius","de","Gryphius, Andreas","118543032",NA,NA,0,0,0,0
"tg","p87j.0","Horribilicribrifax","de","Gryphius, Andreas","118543032",NA,NA,0,0,0,0
"tg","p8d8.0","Verlibtes Gespenste - Die gelibte Dornrose","de","Gryphius, Andreas","118543032",NA,NA,0,0,0,0
"tg","p8rz.0","Carolus Stuardus","de","Gryphius, Andreas","118543032",NA,NA,0,0,0,0
"tg","p8vz.0","Absurda Comica. Oder Herr Peter Squenz","de","Gryphius, Andreas","118543032",NA,NA,0,0,0,0
"tg","pb0f.0","Udohla","de","Günderode, Karoline von","118543202",NA,NA,0,1805,0,0
"tg","pb4c.0","Magie und Schicksal","de","Günderode, Karoline von","118543202",NA,NA,0,1805,0,0
"tg","pb6v.0","Nikator","de","Günderode, Karoline von","118543202",NA,NA,0,1805,0,0
"tg","pgp7.0","Die Fledermaus","de","Haffner, Carl","120430231",NA,NA,0,0,1874,0
"tg","pgph.0","Der Furchtsame","de","Hafner, Philipp",NA,NA,NA,0,1764,1764,0
"tg","pgpm.0","Mägera, die förchterliche Hexe","de","Hafner, Philipp",NA,NA,NA,1763,1764,1763,0
"tg","pj21.0","Sophia","de","Hallmann, Johann Christian","118701142",NA,NA,0,0,0,0
"tg","pj26.0","Liberata","de","Hallmann, Johann Christian","118701142",NA,NA,0,0,0,0
"tg","pj27.0","Mariamne","de","Hallmann, Johann Christian","118701142",NA,NA,0,0,0,0
"tg","pj2h.0","Der Sohn der Wildnis","de","Halm, Friedrich","118720074",NA,NA,0,1843,1842,0
"tg","pjw6.0","Rosenmontag","de","Hartleben, Otto Erich","118546198",NA,NA,1899,1898,1900,0
"tg","pk02.0","Die sittliche Forderung","de","Hartleben, Otto Erich","118546198",NA,NA,0,1897,1896,0
"tg","pk6x.0","Hanna Jagert","de","Hartleben, Otto Erich","118546198",NA,NA,0,1893,1893,0
"tg","pkgw.0","Schuldige Unschuld oder Maria Stuarda","de","Haugwitz, August Adolph von","100352952",NA,NA,0,0,0,0
"tg","pkh4.0","Gaukler, Tod und Juwelier","de","Hauptmann, Carl","118546910",NA,NA,0,1917,1920,0
"tg","pkhc.0","Frau Nadja Bielew","de","Hauptmann, Carl","118546910",NA,NA,0,1909,0,0
"tg","pkhg.0","Tobias Buntschuh","de","Hauptmann, Carl","118546910",NA,NA,0,1920,0,0
"tg","pkhh.0","Fasching","de","Hauptmann, Carl","118546910",NA,NA,0,0,0,0
"tg","pkhm.0","Die armseligen Besenbinder","de","Hauptmann, Carl","118546910",NA,NA,0,1913,1913,0
"tg","pkhv.0","Musik","de","Hauptmann, Carl","118546910",NA,NA,0,1918,0,0
"tg","pkj1.0","Im goldenen Tempel-Buche verzeichnet","de","Hauptmann, Carl","118546910",NA,NA,0,1909,1910,0
"tg","pkj2.0","Ephraims Breite","de","Hauptmann, Carl","118546910",NA,NA,1899,1900,1900,0
"tg","pkjc.0","Der Antiquar","de","Hauptmann, Carl","118546910",NA,NA,0,1909,0,0
"tg","pkjk.0","Hans Pfriem","de","Hayneccius, Martin","121178609",NA,NA,0,0,0,0
"tg","pkng.0","Der gehörnte Siegfried","de","Hebbel, Friedrich","118547445",NA,NA,0,1862,1861,0
"tg","pksn.0","Agnes Bernauer","de","Hebbel, Friedrich","118547445",NA,NA,0,1855,1852,0
"tg","pkx0.0","Maria Magdalene","de","Hebbel, Friedrich","118547445",NA,NA,0,1844,1846,0
"tg","pm1c.0","Kriemhilds Rache","de","Hebbel, Friedrich","118547445",NA,NA,0,1862,1861,0
"tg","pm7m.0","Der Rubin","de","Hebbel, Friedrich","118547445",NA,NA,1849,1851,1849,0
"tg","pm99.0","Der Diamant","de","Hebbel, Friedrich","118547445",NA,NA,1841,1847,1848,0
"tg","pmfw.0","Demetrius","de","Hebbel, Friedrich","118547445",NA,NA,1863,1864,1869,0
"tg","pmgg.0","Herodes und Mariamne","de","Hebbel, Friedrich","118547445",NA,NA,0,1850,1849,0
"tg","pmj9.0","Gyges und sein Ring","de","Hebbel, Friedrich","118547445",NA,NA,0,1856,1889,0
"tg","pmp3.0","Trauerspiel in Sizilien","de","Hebbel, Friedrich","118547445",NA,NA,1846,1847,1907,0
"tg","pmtc.0","Genoveva","de","Hebbel, Friedrich","118547445",NA,NA,0,1843,1849,0
"tg","pn22.0","Siegfrieds Tod","de","Hebbel, Friedrich","118547445",NA,NA,0,1862,1861,0
"tg","pn2n.0","Judith","de","Hebbel, Friedrich","118547445",NA,NA,0,1841,1840,0
"tg","psxj.0","Almansor","de","Heine, Heinrich","118548018",NA,NA,0,1821,0,0
"tg","ptkw.0","William Ratcliff","de","Heine, Heinrich","118548018",NA,NA,0,1823,0,0
"tg","pvpw.0","Von Vincentio Ladislao [Versfassung]","de","Heinrich Julius Herzog von Braunschweig-Lüneburg",NA,NA,NA,0,0,0,0
"tg","pvpz.0","Der Fleischhawer","de","Heinrich Julius Herzog von Braunschweig-Lüneburg",NA,NA,NA,0,0,0,0
"tg","pvq4.0","Von einem ungeratenen Sohn","de","Heinrich Julius Herzog von Braunschweig-Lüneburg",NA,NA,NA,0,0,0,0
"tg","pvq5.0","Von einem Wirthe","de","Heinrich Julius Herzog von Braunschweig-Lüneburg",NA,NA,NA,0,0,0,0
"tg","pvqc.0","Von Vincentio Ladislao [Prosafassung]","de","Heinrich Julius Herzog von Braunschweig-Lüneburg",NA,NA,NA,0,0,0,0
"tg","pvxf.0","Die Kinder Godunófs","de","Heiseler, Henry von","118709933",NA,NA,1923,1929,1930,0
"tg","pvxk.0","Peter und Alexéj","de","Heiseler, Henry von","118709933",NA,NA,1906,1912,1913,0
"tg","pzj2.0","Die Teufelsmühle am Wienerberg","de","Hensler, Karl Friedrich","119267659",NA,NA,0,1799,0,0
"tg","q3hr.0","Atalanta oder die Angst","de","Heym, Georg","118550683",NA,NA,0,0,0,0
"tg","q41n.0","Don Juan's Ende","de","Heyse, Paul","118550772",NA,NA,0,1883,1884,0
"tg","q4j5.0","Colberg","de","Heyse, Paul","118550772",NA,NA,0,1868,1865,0
"tg","q5q1.0","Der Mann nach der Uhr, oder der ordentliche Mann","de","Hippel, Theodor Gottlieb von","11855137X",NA,NA,0,1765,1765,0
"tg","qd27.0","Der Tor und der Tod","de","Hofmannsthal, Hugo von","118552759",NA,NA,1893,1894,1898,0
"tg","qd2g.0","Elektra","de","Hofmannsthal, Hugo von","118552759",NA,NA,1903,1904,1903,0
"tg","qd2n.0","Der Turm (Neue Fassung)","de","Hofmannsthal, Hugo von","118552759",NA,NA,0,0,0,0
"tg","qd3h.0","Ariadne auf Naxos","de","Hofmannsthal, Hugo von","118552759",NA,NA,0,1912,1916,0
"tg","qd46.0","Der Unbestechliche","de","Hofmannsthal, Hugo von","118552759",NA,NA,0,1929,1923,0
"tg","qd6w.0","Der Schwierige","de","Hofmannsthal, Hugo von","118552759",NA,NA,0,1917,1921,0
"tg","qdcq.0","Die Frau ohne Schatten","de","Hofmannsthal, Hugo von","118552759",NA,NA,1915,1911,1911,0
"tg","qdhd.0","Der Tod des Tizian","de","Hofmannsthal, Hugo von","118552759",NA,NA,1892,1901,1901,0
"tg","qdj2.0","Der Turm","de","Hofmannsthal, Hugo von","118552759",NA,NA,1924,1924,1948,0
"tg","qdjz.0","Der Rosenkavalier","de","Hofmannsthal, Hugo von","118552759",NA,NA,1910,1911,1911,0
"tg","qdk1.0","Alkestis","de","Hofmannsthal, Hugo von","118552759",NA,NA,1894,1909,1916,0
"tg","qdks.0","Der Abenteurer und die Sängerin oder Die Geschenke des Lebens","de","Hofmannsthal, Hugo von","118552759",NA,NA,1898,1899,1899,0
"tg","qdm5.0","Das Salzburger große Welttheater","de","Hofmannsthal, Hugo von","118552759",NA,NA,0,1929,1922,0
"tg","qdm9.0","Ödipus und die Sphinx","de","Hofmannsthal, Hugo von","118552759",NA,NA,1905,1906,1906,0
"tg","qdmd.0","Arabella","de","Hofmannsthal, Hugo von","118552759",NA,NA,0,1928,0,0
"tg","qdmw.0","Die Frau im Fenster","de","Hofmannsthal, Hugo von","118552759",NA,NA,1897,1898,1898,0
"tg","qdnz.0","Jedermann","de","Hofmannsthal, Hugo von","118552759",NA,NA,1911,1911,1911,0
"tg","qdqn.0","Das Bergwerk zu Falun","de","Hofmannsthal, Hugo von","118552759",NA,NA,1899,1933,1949,0
"tg","qfsn.0","Der Tod des Empedokles","de","Hölderlin, Friedrich","118551981",NA,NA,0,0,0,0
"tg","qfx0.0","Somnium Vitae Humanae","de","Hollonius, Ludovicus","11870656X",NA,NA,0,0,0,0
"tg","qfxf.0","Ein Trauerspiel in Berlin","de","Holtei, Karl von","118706640",NA,NA,0,1838,1832,0
"tg","qfxj.0","Die Kalkbrenner","de","Holtei, Karl von","118706640",NA,NA,0,1828,1825,0
"tg","qggj.0","Die Familie Selicke","de","Holz, Arno","118553216",NA,NA,0,1890,1890,0
"tg","qh0j.0","Traumulus","de","Holz, Arno","118553216",NA,NA,0,1904,1904,0
"tg","qh44.0","Ignorabimus","de","Holz, Arno","118553216",NA,NA,0,1914,1927,0
"tg","qhpn.0","Sonnenfinsternis","de","Holz, Arno","118553216",NA,NA,0,1908,1913,0
"tg","qhwd.0","Sozialaristokraten","de","Holz, Arno","118553216",NA,NA,0,1896,0,0
"tg","qkkz.0","Peer Gynt","de","Ibsen, Henrik","118555286",NA,NA,0,0,0,0
"tg","qkm4.0","Nora oder Ein Puppenheim","de","Ibsen, Henrik","118555286",NA,NA,0,0,0,0
"tg","qkm5.0","Brand. Ein dramatisches Gedicht","de","Ibsen, Henrik","118555286",NA,NA,0,0,0,0
"tg","qkmh.0","Das Erbtheil des Vaters","de","Iffland, August Wilhelm","118555324",NA,NA,0,1802,0,0
"tg","qkmq.0","Die Jäger","de","Iffland, August Wilhelm","118555324",NA,NA,0,1785,1785,0
"tg","qkmw.0","Figaro in Deutschland","de","Iffland, August Wilhelm","118555324",NA,NA,0,1790,0,0
"tg","qkmx.0","Verbrechen aus Ehrsucht","de","Iffland, August Wilhelm","118555324",NA,NA,0,1784,1784,0
"tg","qkn4.0","Der Spieler","de","Iffland, August Wilhelm","118555324",NA,NA,0,1796,1796,0
"tg","qknj.0","Die Bojaren","de","Immermann, Karl","118555553",NA,NA,0,1832,1835,0
"tg","qkp2.0","Merlin","de","Immermann, Karl","118555553",NA,NA,1832,1832,0,0
"tg","qkp7.0","Das Gericht von St. Petersburg","de","Immermann, Karl","118555553",NA,NA,0,1832,1835,0
"tg","qkps.0","Eudoxia","de","Immermann, Karl","118555553",NA,NA,0,1832,1835,0
"tg","qkq1.0","Andreas Hofer, der Sandwirt von Passeyer","de","Immermann, Karl","118555553",NA,NA,1833,1865,1835,0
"tg","qm9d.0","Pension Schöller","de","Jacoby, Wilhelm","117049239",NA,NA,0,0,0,0
"tg","qmsf.0","Traumulus","de","Jerschke, Oskar","117115827",NA,NA,0,0,0,0
"tg","qmt7.0","Im weißen Rößl","de","Kadelburg, Gustav","116015675",NA,NA,0,0,0,0
"tg","qn26.0","Die Schule des Armen","de","Kaiser, Friedrich","118874748",NA,NA,0,1848,1847,0
"tg","qn29.0","Stadt und Land","de","Kaiser, Friedrich","118874748",NA,NA,0,1845,1844,0
"tg","qn2w.0","Die Opferung","de","Kaltneker, Hans","11855963X",NA,NA,0,1925,0,0
"tg","qn30.0","Das Bergwerk","de","Kaltneker, Hans","11855963X",NA,NA,0,1921,0,0
"tg","qx5q.0","Der Freischütz","de","Kind, Johann Friedrich","118885235",NA,NA,0,0,1821,0
"tg","qxh9.0","Der Kreidekreis","de","Klabund","118562681",NA,NA,0,1925,0,0
"tg","qz9g.0","XYZ","de","Klabund","118562681",NA,NA,0,0,0,0
"tg","qzz7.0","Geburt Christi","de","Klaj, Johann","118723324",NA,NA,0,0,0,0
"tg","r0gb.0","Das Käthchen von Heilbronn oder die Feuerprobe","de","Kleist, Heinrich von","118563076",NA,NA,1808,1810,1810,0
"tg","r0hz.0","Die Hermannsschlacht","de","Kleist, Heinrich von","118563076",NA,NA,1808,1821,1839,0
"tg","r0jz.0","Amphitryon","de","Kleist, Heinrich von","118563076",NA,NA,1806,1807,1899,0
"tg","r0n2.0","Penthesilea","de","Kleist, Heinrich von","118563076",NA,NA,1807,1808,1876,0
"tg","r0px.0","Die Familie Schroffenstein","de","Kleist, Heinrich von","118563076",NA,NA,1802,1803,1804,0
"tg","r0sb.0","Der zerbrochene Krug","de","Kleist, Heinrich von","118563076",NA,NA,1806,1811,1808,0
"tg","r0vx.0","Robert Guiskard [Fragment]","de","Kleist, Heinrich von","118563076",NA,NA,0,0,0,0
"tg","r10b.0","Prinz Friedrich von Homburg","de","Kleist, Heinrich von","118563076",NA,NA,1810,1821,1821,0
"tg","r11m.0","Der auf den Parnass versetzte grüne Hut","de","Klemm, Christian Gottlob","100303935",NA,NA,1767,1767,1767,0
"tg","r121.0","Faust. Ein Trauerspiel in fünf Acten","de","Klingemann, August","118563300",NA,NA,0,1815,0,0
"tg","r12k.0","Sturm und Drang","de","Klinger, Friedrich Maximilian","118563319",NA,NA,0,1777,1777,0
"tg","r12n.0","Prinz Seiden-Wurm der Reformator oder die Kron-Kompetenten","de","Klinger, Friedrich Maximilian","118563319",NA,NA,0,0,0,0
"tg","r12v.0","Die Zwillinge","de","Klinger, Friedrich Maximilian","118563319",NA,NA,0,1776,1776,0
"tg","r134.0","Die neue Arria","de","Klinger, Friedrich Maximilian","118563319",NA,NA,1775,1776,0,0
"tg","r135.0","Das leidende Weib","de","Klinger, Friedrich Maximilian","118563319",NA,NA,0,0,0,0
"tg","r13g.0","Simsone Grisaldo","de","Klinger, Friedrich Maximilian","118563319",NA,NA,0,1776,0,0
"tg","r1hd.0","Hermanns Schlacht","de","Klopstock, Friedrich Gottlieb","118563386",NA,NA,1767,1769,0,0
"tg","r1zm.0","Der Tod Adams","de","Klopstock, Friedrich Gottlieb","118563386",NA,NA,1756,1757,0,0
"tg","r22j.0","Der Roaga","de","Kobell, Franz von","116263431",NA,NA,1847,1868,1847,0
"tg","r231.0","Von fünferlei Betrachtnis","de","Kolroß, Johannes","119732769",NA,NA,0,0,0,0
"tg","r23w.0","Zriny","de","Körner, Theodor","118713507",NA,NA,1812,1814,1812,0
"tg","r2m4.0","Die deutschen Kleinstädter","de","Kotzebue, August von","118565796",NA,NA,1806,1803,1808,0
"tg","r2m9.0","Der Wildschütz oder Die Stimme der Natur","de","Kotzebue, August von","118565796",NA,NA,0,0,1842,0
"tg","r2mf.0","Menschenhaß und Reue","de","Kotzebue, August von","118565796",NA,NA,0,1790,0,0
"tg","r2mm.0","Der Hyperboreische Esel, oder Die heutige Bildung","de","Kotzebue, August von","118565796",NA,NA,0,1799,0,0
"tg","r2mn.0","Die Indianer in England","de","Kotzebue, August von","118565796",NA,NA,1788,1790,1789,0
"tg","r2mv.0","Die beiden Klingsberg","de","Kotzebue, August von","118565796",NA,NA,0,1801,0,0
"tg","r2qz.0","Von dem Anfang und Ende der Welt","de","Krüger, Bartholomäus",NA,NA,NA,0,0,0,0
"tg","r2r7.0","Die Candidaten oder Die Mittel zu einem Amte zu gelangen","de","Krüger, Johann Christian","118778080",NA,NA,0,1748,1747,0
"tg","r2rb.0","Die Geistlichen auf dem Lande","de","Krüger, Johann Christian","118778080",NA,NA,0,1743,0,0
"tg","rdg3.0","Fierrabras","de","Kupelwieser, Josef","134672275",NA,NA,0,0,1897,0
"tg","rdgt.0","Prinzessin Pumphia","de","Kurz, Joseph von","118725602",NA,NA,0,1767,0,0
"tg","rdhd.0","Salome","de","Lachmann, Hedwig","119115441",NA,NA,0,0,1905,0
"tg","rfbt.0","Hasemann's Töchter","de","L'Arronge, Adolph","116000309",NA,NA,0,1879,0,0
"tg","rfbx.0","Mein Leopold","de","L'Arronge, Adolph","116000309",NA,NA,0,1876,0,0
"tg","rfc7.0","Franz von Sickingen","de","Lassalle, Ferdinand","118569910",NA,NA,1858,1859,0,0
"tg","rfcn.0","Struensee","de","Laube, Heinrich","118570080",NA,NA,0,1846,1844,0
"tg","rfct.0","Gottsched und Gellert","de","Laube, Heinrich","118570080",NA,NA,1845,1846,1845,0
"tg","rfcv.0","Monaldeschi","de","Laube, Heinrich","118570080",NA,NA,0,1845,1841,0
"tg","rfd2.0","Die Karlsschüler","de","Laube, Heinrich","118570080",NA,NA,1846,1846,1846,0
"tg","rfd8.0","Pension Schöller","de","Laufs, Carl","106290916",NA,NA,0,1898,0,0
"tg","rfm5.0","Hahnenkampf","de","Lautensack, Heinrich","118570226",NA,NA,0,1908,0,0
"tg","rfmj.0","Medusa","de","Lautensack, Heinrich","118570226",NA,NA,0,1904,0,0
"tg","rfn5.0","Die Pfarrhauskomödie","de","Lautensack, Heinrich","118570226",NA,NA,0,1912,1911,0
"tg","rfx8.0","Der Besuch um Mitternacht","de","Leisewitz, Johann Anton","118571370",NA,NA,0,1774,0,0
"tg","rfxf.0","Julius von Tarent","de","Leisewitz, Johann Anton","118571370",NA,NA,0,1776,1776,0
"tg","rfxg.0","Die Pfandung","de","Leisewitz, Johann Anton","118571370",NA,NA,0,1774,0,0
"tg","rhjs.0","Die Freunde machen den Philosophen","de","Lenz, Jakob Michael Reinhold","118571656",NA,NA,1776,1775,0,0
"tg","rhnx.0","Der Engländer","de","Lenz, Jakob Michael Reinhold","118571656",NA,NA,1776,1776,0,0
"tg","rhqt.0","Pandämonium Germanicum","de","Lenz, Jakob Michael Reinhold","118571656",NA,NA,0,0,0,0
"tg","rhtz.0","Die Soldaten","de","Lenz, Jakob Michael Reinhold","118571656",NA,NA,1775,1776,1863,0
"tg","rhzq.0","Der Hofmeister oder Vorteile der Privaterziehung","de","Lenz, Jakob Michael Reinhold","118571656",NA,NA,1772,1774,1778,0
"tg","rj22.0","Der neue Menoza","de","Lenz, Jakob Michael Reinhold","118571656",NA,NA,1773,1774,1963,0
"tg","rjdc.0","Die alte Jungfer","de","Lessing, Gotthold Ephraim","118572121",NA,NA,1748,1749,0,0
"tg","rjg0.0","Der Freigeist","de","Lessing, Gotthold Ephraim","118572121",NA,NA,1749,1755,0,0
"tg","rjh9.0","Minna von Barnhelm, oder das Soldatenglück","de","Lessing, Gotthold Ephraim","118572121",NA,NA,0,1767,1767,0
"tg","rjmw.0","Miß Sara Sampson","de","Lessing, Gotthold Ephraim","118572121",NA,NA,0,1755,1755,0
"tg","rjqs.0","Philotas","de","Lessing, Gotthold Ephraim","118572121",NA,NA,1774,1759,0,0
"tg","rjwv.0","Der junge Gelehrte","de","Lessing, Gotthold Ephraim","118572121",NA,NA,0,1754,1748,0
"tg","rjzc.0","D. Faust","de","Lessing, Gotthold Ephraim","118572121",NA,NA,0,0,0,0
"tg","rkpt.0","Nathan der Weise","de","Lessing, Gotthold Ephraim","118572121",NA,NA,0,1779,1783,0
"tg","rkq6.0","Der Misogyn","de","Lessing, Gotthold Ephraim","118572121",NA,NA,1748,1755,0,0
"tg","rksp.0","Emilia Galotti","de","Lessing, Gotthold Ephraim","118572121",NA,NA,0,1772,1772,0
"tg","rktc.0","Die Juden","de","Lessing, Gotthold Ephraim","118572121",NA,NA,0,1754,1749,0
"tg","rkzk.0","Der Schatz","de","Lessing, Gotthold Ephraim","118572121",NA,NA,1750,1755,0,0
"tg","rkzp.0","Damon, oder die wahre Freundschaft","de","Lessing, Gotthold Ephraim","118572121",NA,NA,0,1747,0,0
"tg","rm3n.0","Samuel Henzi","de","Lessing, Gotthold Ephraim","118572121",NA,NA,0,0,0,0
"tg","s4hh.0","Cleopatra","de","Lohenstein, Daniel Casper von","118574078",NA,NA,0,0,0,0
"tg","s4hw.0","Epicharis","de","Lohenstein, Daniel Casper von","118574078",NA,NA,0,0,0,0
"tg","s4jp.0","Ibrahim","de","Lohenstein, Daniel Casper von","118574078",NA,NA,0,0,0,0
"tg","s4m0.0","Agrippina","de","Lohenstein, Daniel Casper von","118574078",NA,NA,0,0,0,0
"tg","s4m2.0","Sophonisbe","de","Lohenstein, Daniel Casper von","118574078",NA,NA,0,0,0,0
"tg","s4nb.0","Ibrahim Sultan","de","Lohenstein, Daniel Casper von","118574078",NA,NA,0,0,0,0
"tg","s6kj.0","Der Waffenschmied","de","Lortzing, Albert (Gustav)","118574469",NA,NA,0,0,1846,0
"tg","s6kn.0","Zar und Zimmermann","de","Lortzing, Albert (Gustav)","118574469",NA,NA,0,1891,1837,0
"tg","s6m2.0","Die Makkabäer","de","Ludwig, Otto","118574973",NA,NA,1852,1854,0,0
"tg","s6m6.0","Der Erbförster","de","Ludwig, Otto","118574973",NA,NA,1849,1853,1850,0
"tg","s8bj.0","Die Tragödie des Menschen","de","Madách, Imre","118575996",NA,NA,0,0,0,0
"tg","s8br.0","Jungfern Köchinnen","de","Malß, Karl","119098911",NA,NA,0,1836,1835,0
"tg","s8bv.0","Der alte Bürger-Capitain","de","Malß, Karl","119098911",NA,NA,0,1820,1821,0
"tg","s8c4.0","Underscheid zwischen dem Papst und Christum Jesum","de","Manuel, Niklaus","118577379",NA,NA,0,0,0,0
"tg","s8c9.0","Ablaßkrämer","de","Manuel, Niklaus","118577379",NA,NA,0,0,0,0
"tg","s8cb.0","Vom Papst und seiner Priesterschaft","de","Manuel, Niklaus","118577379",NA,NA,0,0,0,0
"tg","s8fd.0","König Eduard II.","de","Marlowe, Christopher","118578065",NA,NA,0,0,0,0
"tg","s8fh.0","Doktor Faustus","de","Marlowe, Christopher","118578065",NA,NA,0,0,0,0
"tg","s9j7.0","Babel und Bibel","de","May, Karl","118818651",NA,NA,0,1906,0,0
"tg","sc8m.0","Der lustige Fritz","de","Meisl, Karl","119323915",NA,NA,0,1819,1818,0
"tg","sc8q.0","Orpheus und Euridice","de","Meisl, Karl","119323915",NA,NA,0,1813,1813,0
"tg","scbg.0","Übersetzung: Die unbewohnte Insel","de","Metastasio, Pietro","118733141",NA,NA,0,0,0,0
"tg","scbm.0","Original: L'isola disabitata","de","Metastasio, Pietro","118733141",NA,NA,0,0,0,0
"tg","sf41.0","Der unglückselige Soldat","de","Mitternacht, Johann Sebastian","118582879",NA,NA,0,0,0,0
"tg","sf49.0","Der eingebildete Kranke","de","Molière","11858331",NA,NA,0,0,0,0
"tg","sf4d.0","Der Geizige","de","Molière","11858331",NA,NA,0,0,0,0
"tg","sj68.0","Die Königin von Saba","de","Mosenthal, Salomon Hermann von","101363184",NA,NA,0,0,1875,0
"tg","sj6f.0","Das goldene Kreuz","de","Mosenthal, Salomon Hermann von","101363184",NA,NA,0,0,1875,0
"tg","sj6g.0","Die lustigen Weiber von Windsor","de","Mosenthal, Salomon Hermann von","101363184",NA,NA,0,0,1849,0
"tg","sj6r.0","Krieg oder Frieden","de","Moser, Gustav von","116937807",NA,NA,0,1881,0,0
"tg","sj6v.0","Das Stiftungsfest","de","Moser, Gustav von","116937807",NA,NA,0,1862,0,0
"tg","sj74.0","Die Tugend auf der Schaubühne; oder: Harlekin's Heirath","de","Möser, Justus","11858314X",NA,NA,0,0,0,0
"tg","sjhr.0","Judas. Ein Arbeiterdrama","de","Mühsam, Erich","118584758",NA,NA,1920,1921,0,0
"tg","sjpt.0","Staatsräson. Ein Denkmal für Sacco und Vanzetti","de","Mühsam, Erich","118584758",NA,NA,0,1928,1929,0
"tg","spd6.0","Golo und Genovefa","de","Müller, Friedrich (Maler Müller)","118584871",NA,NA,1775,1811,0,0
"tg","spgf.0","Fausts Leben dramatisiert","de","Müller, Friedrich (Maler Müller)","118584871",NA,NA,0,0,0,0
"tg","ssrb.0","König Yngurd","de","Müllner, Adolph","118737775",NA,NA,0,1817,1817,0
"tg","ssrf.0","Die Schuld","de","Müllner, Adolph","118737775",NA,NA,0,1816,1813,0
"tg","sssj.0","Absolom","de","Murer, Jos","118585851",NA,NA,0,0,0,0
"tg","sssn.0","Der jungen Mannen Spiegel","de","Murer, Jos","118585851",NA,NA,0,0,0,0
"tg","st5r.0","Die Schäferinsel","de","Mylius, Christlob","11858605X",NA,NA,0,1749,0,0
"tg","stqr.0","Freiheit in Krähwinkel","de","Nestroy, Johann","118587080",NA,NA,1848,1849,1848,0
"tg","stqx.0","Der Zerrissene","de","Nestroy, Johann","118587080",NA,NA,1844,1845,1844,0
"tg","str1.0","Der Talisman","de","Nestroy, Johann","118587080",NA,NA,1840,1843,1843,0
"tg","str4.0","Der Unbedeutende","de","Nestroy, Johann","118587080",NA,NA,0,1849,1846,0
"tg","str5.0","Das Mädl aus der Vorstadt","de","Nestroy, Johann","118587080",NA,NA,1841,1845,1841,0
"tg","str8.0","Einen Jux will er sich machen","de","Nestroy, Johann","118587080",NA,NA,1842,1844,1842,0
"tg","strd.0","Eulenspiegel","de","Nestroy, Johann","118587080",NA,NA,0,1839,1835,0
"tg","strh.0","Judith und Holofernes","de","Nestroy, Johann","118587080",NA,NA,1849,1891,1849,0
"tg","strp.0","Zu ebener Erde und erster Stock","de","Nestroy, Johann","118587080",NA,NA,0,1838,1835,0
"tg","strq.0","Der böse Geist Lumpazivagabundus","de","Nestroy, Johann","118587080",NA,NA,1833,1835,1833,0
"tg","strx.0","Das Haus der Temperamente","de","Nestroy, Johann","118587080",NA,NA,1837,1891,1837,0
"tg","stsd.0","Die Verehrung der Vollkommenheit durch die gebesserten deutschen Schauspiele","de","Neuber, Friederike Caroline","118738577",NA,NA,0,1737,0,0
"tg","stst.0","Die von der Weisheit wider die Unwissenheit beschützte Schauspielkunst","de","Neuber, Friederike Caroline","118738577",NA,NA,0,1736,0,0
"tg","stt4.0","Ein Deutsches Vorspiel","de","Neuber, Friederike Caroline","118738577",NA,NA,0,1734,0,0
"tg","sttf.0","Das Schäferfest oder Die Herbstfreude","de","Neuber, Friederike Caroline","118738577",NA,NA,0,1754,0,0
"tg","sv5m.0","Datterich","de","Niebergall, Ernst Elias","118734776",NA,NA,0,1841,1862,0
"tg","svt2.0","Judith","de","Opitz, Martin","118590111",NA,NA,0,0,0,0
"tg","swzc.0","Nero","de","Panizza, Oskar","118739131",NA,NA,0,1898,0,0
"tg","swzz.0","Das Liebeskonzil","de","Panizza, Oskar","118739131",NA,NA,0,1895,0,0
"tg","t25v.0","Lucie Woodvil","de","Pfeil, Johann Gottlob Benjamin","115546456",NA,NA,0,1756,1756,0
"tg","t2z2.0","Die verhängnisvolle Gabel","de","Platen, August von","118594869",NA,NA,1826,1826,0,0
"tg","t337.0","Der romantische Ödipus","de","Platen, August von","118594869",NA,NA,1828,1829,1855,0
"tg","t3sh.0","Amphitryon","de","Plautus, Titus Maccius","118594974",NA,NA,0,0,0,0
"tg","t4rs.0","Orpheus oder Die wunderbare Beständigkeit der Liebe","de","Praetorius, Johann Philipp","129863270",NA,NA,0,0,0,0
"tg","t4rw.0","Pimpinone oder Die ungleiche Heirat","de","Praetorius, Johann Philipp","129863270",NA,NA,0,0,0,0
"tg","t8tr.0","Die politische Wochenstube","de","Prutz, Robert Eduard","11859687X",NA,NA,0,1845,0,0
"tg","t907.0","Der Hypochondrist","de","Quistorp, Theodor Johann","100540856",NA,NA,0,1745,0,0
"tg","t969.0","Phädra","de","Racine, Jean Baptiste","118597523",NA,NA,0,0,0,0
"tg","t96n.0","Der Verschwender","de","Raimund, Ferdinand","118597914",NA,NA,1834,1837,1834,0
"tg","t96r.0","Moisasurs Zauberfluch","de","Raimund, Ferdinand","118597914",NA,NA,1827,1837,1827,0
"tg","t96s.0","Der Alpenkönig und der Menschenfeind","de","Raimund, Ferdinand","118597914",NA,NA,1828,1828,1828,0
"tg","t96w.0","Die unheilbringende Zauberkrone","de","Raimund, Ferdinand","118597914",NA,NA,1829,1837,1829,0
"tg","t971.0","Der Diamant des Geisterkönigs","de","Raimund, Ferdinand","118597914",NA,NA,1824,1837,1824,0
"tg","t976.0","Das Mädchen aus der Feenwelt oder Der Bauer als Millionär","de","Raimund, Ferdinand","118597914",NA,NA,1826,1837,1826,0
"tg","t977.0","Der Barometermacher auf der Zauberinsel","de","Raimund, Ferdinand","118597914",NA,NA,1823,1837,1823,0
"tg","t97f.0","Die gefesselte Phantasie","de","Raimund, Ferdinand","118597914",NA,NA,1826,1837,1828,0
"tg","t9p6.0","Agnes von Hohenstaufen","de","Raupach, Ernst","100823548",NA,NA,0,0,0,0
"tg","t9p7.0","Kritik und Antikritik","de","Raupach, Ernst","100823548",NA,NA,0,1827,1825,0
"tg","t9ph.0","Susanna","de","Rebhuhn, Paul","118819542",NA,NA,0,0,0,0
"tg","t9ps.0","Genoveva","de","Reinick, Robert","116427620",NA,NA,0,0,0,0
"tg","t9qb.0","Der ehrlichen Frau Schlampampe Krankheit und Tod","de","Reuter, Christian",NA,NA,NA,0,0,0,0
"tg","t9qh.0","Graf Ehrenfried","de","Reuter, Christian",NA,NA,NA,0,0,0,0
"tg","t9qj.0","L'Honnête Femme oder die Ehrliche Frau zu Plißine","de","Reuter, Christian",NA,NA,NA,0,0,0,0
"tg","tbf2.0","Martha oder Der Markt zu Richmond","de","Riese, Friedrich Wilhelm",NA,NA,NA,0,0,1847,0
"tg","tbqn.0","Ohne Gegenwart","de","Rilke, Rainer Maria","118601024",NA,NA,1897,1898,0,0
"tg","tc1r.0","Die weiße Fürstin","de","Rilke, Rainer Maria","118601024",NA,NA,0,0,0,0
"tg","tff9.0","Das Friedejauchtzende Teutschland","de","Rist, Johann","118745425",NA,NA,0,0,0,0
"tg","tfsf.0","Das Friedewünschende Teutschland","de","Rist, Johann","118745425",NA,NA,0,0,0,0
"tg","tftj.0","Irenaromachia","de","Rist, Johann","118745425",NA,NA,0,0,0,0
"tg","tg23.0","Perseus","de","Rist, Johann","118745425",NA,NA,0,0,0,0
"tg","tg37.0","König Manfred","de","Roeber, Friedrich","116579757",NA,NA,0,0,1867,0
"tg","tg9f.0","Vom reichen Mann und armen Lazaro","de","Rollenhagen, Georg","118749544",NA,NA,0,0,0,0
"tg","tgw6.0","Kater Lampe","de","Rosenow, Emil","119194724",NA,NA,1900,1906,1902,0
"tg","tgw9.0","Die im Schatten leben","de","Rosenow, Emil","119194724",NA,NA,1899,1912,0,0
"tg","tgwk.0","Oberammergauer Passionspiel","de","Rosner, Ferdinand","118749870",NA,NA,0,0,0,0
"tg","th0n.0","Die Gewaltlosen","de","Rubiner, Ludwig","118603590",NA,NA,0,1919,0,0
"tg","tn4k.0","Die Fahnenweihe","de","Ruederer, Josef","118791508",NA,NA,1894,1895,1896,0
"tg","tndf.0","Adam und Heva","de","Ruoff (Ruff), Jakob","118791516",NA,NA,0,0,0,0
"tg","tp8b.0","Der hörnen Sewfriedt","de","Sachs, Hans","118604597",NA,NA,0,0,0,0
"tg","tp8d.0","Von dem sterbenden reichen Menschen, Hekastus genannt","de","Sachs, Hans","118604597",NA,NA,0,0,0,0
"tg","tpd7.0","Die alt verschlagen Kuplerin mit dem Thumbherrn","de","Sachs, Hans","118604597",NA,NA,0,0,0,0
"tg","tphz.0","Der Krämerskorb","de","Sachs, Hans","118604597",NA,NA,0,0,0,0
"tg","tpp9.0","Der schwanger Pawer","de","Sachs, Hans","118604597",NA,NA,0,0,0,0
"tg","tpq4.0","Die gedultig und gehorsam Marggräfin Griselda","de","Sachs, Hans","118604597",NA,NA,0,0,0,0
"tg","tpq5.0","Von der strengen Lieb' Herrn Tristrant mit der schönen Königin Isalden","de","Sachs, Hans","118604597",NA,NA,0,0,0,0
"tg","tpqs.0","Das heyß Eysen","de","Sachs, Hans","118604597",NA,NA,0,0,0,0
"tg","tpx6.0","Der farendt Schuler mit dem Teuffel-Pannen","de","Sachs, Hans","118604597",NA,NA,0,0,0,0
"tg","tpxs.0","Das Narren-Schneyden","de","Sachs, Hans","118604597",NA,NA,0,0,0,0
"tg","tq2b.0","Lucretia","de","Sachs, Hans","118604597",NA,NA,0,0,0,0
"tg","trwt.0","Faustine, der weibliche Faust","de","Schäfer, Wilhelm",NA,NA,NA,0,1898,0,0
"tg","tv5b.0","Das Mirakel","de","Scheerbart, Paul","118606816",NA,NA,0,1904,0,0
"tg","tv5k.0","Der vornehme Räuberhauptmann","de","Scheerbart, Paul","118606816",NA,NA,0,1904,0,0
"tg","tv5t.0","Das Gift","de","Scheerbart, Paul","118606816",NA,NA,0,1904,0,0
"tg","tv63.0","Der Regierungswechsel","de","Scheerbart, Paul","118606816",NA,NA,0,1897,0,0
"tg","tv65.0","Die Welt geht unter!","de","Scheerbart, Paul","118606816",NA,NA,0,1904,0,0
"tg","tv6f.0","Die Urgrossmutter","de","Scheerbart, Paul","118606816",NA,NA,0,1904,0,0
"tg","tv6h.0","Lachende Gespenster","de","Scheerbart, Paul","118606816",NA,NA,0,1904,0,0
"tg","tv6t.0","Geheimnisse","de","Scheerbart, Paul","118606816",NA,NA,0,0,0,0
"tg","tvb0.0","Okurirasûna","de","Scheerbart, Paul","118606816",NA,NA,0,1904,0,0
"tg","tvbg.0","Sophie","de","Scheerbart, Paul","118606816",NA,NA,0,0,0,0
"tg","tvbm.0","Der Herr vom Jenseits","de","Scheerbart, Paul","118606816",NA,NA,0,1904,0,0
"tg","tvc5.0","Der alte Petrus, oder Im Himmel spukt es auch","de","Scheerbart, Paul","118606816",NA,NA,0,1904,0,0
"tg","tvc9.0","Die lustigen Räuber","de","Scheerbart, Paul","118606816",NA,NA,1904,0,0,0
"tg","tvcm.0","Die Wurzeln der Wohlhabenheit","de","Scheerbart, Paul","118606816",NA,NA,0,1904,0,0
"tg","tvdq.0","Es lebe Europa!","de","Scheerbart, Paul","118606816",NA,NA,0,1904,0,0
"tg","tvdx.0","Der Schornsteinfeger","de","Scheerbart, Paul","118606816",NA,NA,0,1904,0,0
"tg","tvfs.0","Die Puppe und die Dauerwurst","de","Scheerbart, Paul","118606816",NA,NA,0,1897,0,0
"tg","tvg7.0","Herr Kammerdiener Kneetschke","de","Scheerbart, Paul","118606816",NA,NA,0,1904,0,0
"tg","tvgd.0","Rübezahl","de","Scheerbart, Paul","118606816",NA,NA,0,1904,0,0
"tg","tvgg.0","Der fanatische Bürgermeister","de","Scheerbart, Paul","118606816",NA,NA,0,1904,0,0
"tg","tvgp.0","Das dumme Luder","de","Scheerbart, Paul","118606816",NA,NA,0,1904,0,0
"tg","tvgr.0","Der Wetterfürst","de","Scheerbart, Paul","118606816",NA,NA,0,1904,0,0
"tg","twnw.0","Die Zauberflöte","de","Schikaneder, Johann Emanuel","11860757X",NA,NA,0,0,1791,0
"tg","twt3.0","Maria Stuart","de","Schiller, Friedrich","118607626",NA,NA,1800,1801,1800,0
"tg","tx4z.0","Don Carlos, Infant von Spanien","de","Schiller, Friedrich","118607626",NA,NA,1787,1787,1787,0
"tg","txtj.0","Wallensteins Lager","de","Schiller, Friedrich","118607626",NA,NA,1798,0,1798,0
"tg","tz0c.0","Wilhelm Tell","de","Schiller, Friedrich","118607626",NA,NA,1804,1804,1804,0
"tg","tz39.0","Kabale und Liebe","de","Schiller, Friedrich","118607626",NA,NA,1783,1784,1784,0
"tg","tz6r.0","Die Piccolomini","de","Schiller, Friedrich","118607626",NA,NA,1798,0,1799,0
"tg","tz9d.0","Die Jungfrau von Orleans","de","Schiller, Friedrich","118607626",NA,NA,1801,1801,1801,0
"tg","tzgk.0","Die Verschwörung des Fiesco zu Genua","de","Schiller, Friedrich","118607626",NA,NA,0,1783,1782,0
"tg","v0d8.0","Die Braut von Messina oder die feindlichen Brüder","de","Schiller, Friedrich","118607626",NA,NA,0,0,0,0
"tg","v0fv.0","Die Räuber","de","Schiller, Friedrich","118607626",NA,NA,1780,1781,1882,0
"tg","v0hv.0","Prolog","de","Schiller, Friedrich","118607626",NA,NA,0,0,0,0
"tg","v0nx.0","Wallensteins Tod","de","Schiller, Friedrich","118607626",NA,NA,1799,0,1799,0
"tg","v183.0","Der neue Doktor Faust","de","Schink, Johann Friedrich","118607774",NA,NA,0,1782,0,0
"tg","v186.0","Hanswurst von Salzburg mit dem hölzernen Gat","de","Schink, Johann Friedrich","118607774",NA,NA,0,1778,0,0
"tg","v18g.0","Meister Oelze","de","Schlaf, Johannes","118607871",NA,NA,0,1892,1900,0
"tg","v18m.0","Die Familie Selicke","de","Schlaf, Johannes","118607871",NA,NA,0,0,0,0
"tg","v1sm.0","Jon","de","Schlegel, August Wilhelm","118607960",NA,NA,0,1803,1802,0
"tg","v341.0","Alarkos","de","Schlegel, Friedrich","118607987",NA,NA,1801,1802,1802,0
"tg","v3mq.0","Canut","de","Schlegel, Johann Elias","118608002",NA,NA,1746,1746,0,0
"tg","v3mw.0","Die stumme Schönheit","de","Schlegel, Johann Elias","118608002",NA,NA,1747,1747,0,0
"tg","v3mx.0","Der geschäftige Müßiggänger","de","Schlegel, Johann Elias","118608002",NA,NA,0,1743,0,0
"tg","v3n4.0","Der Triumph der guten Frauen","de","Schlegel, Johann Elias","118608002",NA,NA,1747,1748,0,0
"tg","v3nb.0","Comedia des verlornen Sons","de","Schmeltzl, Wolfgang",NA,NA,NA,0,0,0,0
"tg","v3nq.0","Comoedia der Hochzeit Cana Galilee","de","Schmeltzl, Wolfgang",NA,NA,NA,0,0,0,0
"tg","v3q4.0","Der Zigeunerbaron","de","Schnitzer, Ignaz","121068218",NA,NA,0,0,1885,0
"tg","v3qp.0","II. Der tapfere Cassian","de","Schnitzler, Arthur","118609807",NA,NA,1902,1906,1904,0
"tg","v3rv.0","Der grüne Kakadu","de","Schnitzler, Arthur","118609807",NA,NA,0,1899,1899,0
"tg","v3rz.0","I. Der Puppenspieler","de","Schnitzler, Arthur","118609807",NA,NA,0,1906,1903,0
"tg","v3s3.0","Lebendige Stunden","de","Schnitzler, Arthur","118609807",NA,NA,0,0,0,0
"tg","v3sh.0","Der einsame Weg","de","Schnitzler, Arthur","118609807",NA,NA,1903,1904,1904,0
"tg","v3sw.0","Komtesse Mizzi oder Der Familientag","de","Schnitzler, Arthur","118609807",NA,NA,1907,1909,1909,0
"tg","v3t3.0","Anatols Größenwahn","de","Schnitzler, Arthur","118609807",NA,NA,1891,1955,1932,0
"tg","v3t6.0","III. Zum grossen Wurstel","de","Schnitzler, Arthur","118609807",NA,NA,1904,1906,1906,0
"tg","v3tw.0","Professor Bernhardi","de","Schnitzler, Arthur","118609807",NA,NA,0,1914,1912,0
"tg","v3vb.0","Liebelei","de","Schnitzler, Arthur","118609807",NA,NA,1894,1896,1895,0
"tg","v3vp.0","Anatol","de","Schnitzler, Arthur","118609807",NA,NA,1891,1893,1910,0
"tg","v3vz.0","Das weite Land","de","Schnitzler, Arthur","118609807",NA,NA,1910,1910,1911,0
"tg","v3w3.0","Reigen","de","Schnitzler, Arthur","118609807",NA,NA,1896,1902,1920,0
"tg","v401.0","Alfonso und Estrella","de","Schober, Franz von","116849436",NA,NA,0,0,1854,0
"tg","v409.0","Der Raub der Sabinerinnen","de","Schönthan, Franz und Paul von","116889292",NA,NA,0,1885,0,0
"tg","vhgn.0","Der Vetter in Lissabon","de","Schröder, Friedrich Ludwig","118610813",NA,NA,0,1786,1784,0
"tg","vkgr.0","Genoveva","de","Schumann, Robert Alexander","118611666",NA,NA,0,0,0,0
"tg","vmhp.0","Übersetzung: Die weiße Dame","de","Scribe, Eugène","118612425",NA,NA,0,0,0,0
"tg","vmht.0","Original: La dame blanche","de","Scribe, Eugène","118612425",NA,NA,0,0,0,0
"tg","vmm5.0","Tragedi vom grossen Abentmal","de","Seitz, Alexander",NA,NA,NA,0,0,0,0
"tg","vmvc.0","Julius Cäsar","de","Shakespeare, William","118613723",NA,NA,0,0,0,0
"tg","vmw0.0","König Richard II.","de","Shakespeare, William","118613723",NA,NA,0,0,0,0
"tg","vmw8.0","König Heinrich VI. Dritter Teil","de","Shakespeare, William","118613723",NA,NA,0,0,0,0
"tg","vmwh.0","Was ihr wollt","de","Shakespeare, William","118613723",NA,NA,0,0,0,0
"tg","vmxv.0","Viel Lärmen um nichts","de","Shakespeare, William","118613723",NA,NA,0,0,0,0
"tg","vn0c.0","König Heinrich VI. Erster Teil","de","Shakespeare, William","118613723",NA,NA,0,0,0,0
"tg","vn0h.0","Der Sturm","de","Shakespeare, William","118613723",NA,NA,0,0,0,0
"tg","vn0r.0","Titus Andronicus","de","Shakespeare, William","118613723",NA,NA,0,0,0,0
"tg","vn11.0","Ein Sommernachtstraum","de","Shakespeare, William","118613723",NA,NA,0,0,0,0
"tg","vn1b.0","Wie es euch gefällt","de","Shakespeare, William","118613723",NA,NA,0,0,0,0
"tg","vn1q.0","Timon von Athen","de","Shakespeare, William","118613723",NA,NA,0,0,0,0
"tg","vn1w.0","Der Kaufmann von Venedig","de","Shakespeare, William","118613723",NA,NA,0,0,0,0
"tg","vn2c.0","Das Wintermärchen","de","Shakespeare, William","118613723",NA,NA,0,0,0,0
"tg","vn2f.0","Coriolanus","de","Shakespeare, William","118613723",NA,NA,0,0,0,0
"tg","vn2s.0","Macbeth","de","Shakespeare, William","118613723",NA,NA,0,0,0,0
"tg","vn3b.0","Die lustigen Weiber von Windsor","de","Shakespeare, William","118613723",NA,NA,0,0,0,0
"tg","vn3t.0","Ende gut, alles gut","de","Shakespeare, William","118613723",NA,NA,0,0,0,0
"tg","vn3v.0","König Heinrich IV. Zweiter Teil","de","Shakespeare, William","118613723",NA,NA,0,0,0,0
"tg","vn41.0","Cymbeline","de","Shakespeare, William","118613723",NA,NA,0,0,0,0
"tg","vn4h.0","Der Widerspenstigen Zähmung","de","Shakespeare, William","118613723",NA,NA,0,0,0,0
"tg","vn4q.0","Troilus und Cressida","de","Shakespeare, William","118613723",NA,NA,0,0,0,0
"tg","vn59.0","König Heinrich VIII.","de","Shakespeare, William","118613723",NA,NA,0,0,0,0
"tg","vn5n.0","Perikles","de","Shakespeare, William","118613723",NA,NA,0,0,0,0
"tg","vn60.0","Die beiden edlen Vettern","de","Shakespeare, William","118613723",NA,NA,0,0,0,0
"tg","vn79.0","Die beiden Veroneser","de","Shakespeare, William","118613723",NA,NA,0,0,0,0
"tg","vn7q.0","Othello","de","Shakespeare, William","118613723",NA,NA,0,0,0,0
"tg","vn90.0","Die Komödie der Irrungen","de","Shakespeare, William","118613723",NA,NA,0,0,0,0
"tg","vnbs.0","Maß für Maß","de","Shakespeare, William","118613723",NA,NA,0,0,0,0
"tg","vncw.0","Hamlet. Prinz von Dänemark","de","Shakespeare, William","118613723",NA,NA,0,0,0,0
"tg","vnd5.0","Liebes Leid und Lust","de","Shakespeare, William","118613723",NA,NA,0,0,0,0
"tg","vndf.0","Romeo und Julia","de","Shakespeare, William","118613723",NA,NA,0,0,0,0
"tg","vnf1.0","König Heinrich V.","de","Shakespeare, William","118613723",NA,NA,0,0,0,0
"tg","vnfd.0","König Richard III.","de","Shakespeare, William","118613723",NA,NA,0,0,0,0
"tg","vnft.0","Antonius und Cleopatra","de","Shakespeare, William","118613723",NA,NA,0,0,0,0
"tg","vnfz.0","König Lear","de","Shakespeare, William","118613723",NA,NA,0,0,0,0
"tg","vnh9.0","König Heinrich VI. Zweiter Teil","de","Shakespeare, William","118613723",NA,NA,0,0,0,0
"tg","vnj5.0","König Heinrich IV. Erster Teil","de","Shakespeare, William","118613723",NA,NA,0,0,0,0
"tg","vnjn.0","König Johann","de","Shakespeare, William","118613723",NA,NA,0,0,0,0
"tg","vnkg.0","Der entfesselte Prometheus","de","Shelley, Percy Bysshe","118613774",NA,NA,0,0,0,0
"tg","vnmx.0","Doctor Johannes Faust","de","Simrock, Karl","118614576",NA,NA,0,1846,0,0
"tg","vnn3.0","Doktor Faust","de","Soden, Julius von","118852027",NA,NA,0,1797,0,0
"tg","vpv1.0","Fidelio","de","Sonnleithner, Joseph Ferdinand von","104332042",NA,NA,0,0,1805,0
"tg","vpv9.0","Antigone","de","Sophokles",NA,NA,NA,0,0,0,0
"tg","vpvd.0","König Ödipus","de","Sophokles",NA,NA,NA,0,0,0,0
"tg","vpvq.0","Der Bettler","de","Sorge, Reinhard Johannes","118798065",NA,NA,0,0,0,0
"tg","vpvw.0","Der Sieg des Christos","de","Sorge, Reinhard Johannes","118798065",NA,NA,1914,1924,0,0
"tg","vpvx.0","Odysseus","de","Sorge, Reinhard Johannes","118798065",NA,NA,0,1912,0,0
"tg","vrcn.0","Mudder Mews","de","Stavenhagen, Fritz","118752901",NA,NA,1903,1904,1905,0
"tg","vrdc.0","Der Schauspieldirektor","de","Stephanie, Johann Gottlieb (der Jüngere)","119545799",NA,NA,0,0,1786,0
"tg","vrdj.0","Doktor und Apotheker","de","Stephanie, Johann Gottlieb (der Jüngere)","119545799",NA,NA,0,0,1786,0
"tg","vrdk.0","Die Entführung aus dem Serail","de","Stephanie, Johann Gottlieb (der Jüngere)","119545799",NA,NA,0,0,1782,0
"tg","vrds.0","Die Liebe im Narrenhause","de","Stephanie, Johann Gottlieb (der Jüngere)","119545799",NA,NA,0,0,1787,0
"tg","w3sp.0","Rudimentär","de","Stramm, August","118618830",NA,NA,0,0,0,0
"tg","w3vd.0","Geschehen","de","Stramm, August","118618830",NA,NA,0,0,0,0
"tg","w3vm.0","Sancta Susanna","de","Stramm, August","118618830",NA,NA,0,0,0,0
"tg","w3w0.0","Die Haidebraut","de","Stramm, August","118618830",NA,NA,0,0,0,0
"tg","w3x0.0","Erwachen","de","Stramm, August","118618830",NA,NA,0,0,0,0
"tg","w3xb.0","Kräfte","de","Stramm, August","118618830",NA,NA,0,0,0,0
"tg","w3xk.0","Türckisch-bestraffter Hochmuth","de","Stranitzky, Joseph Anton","118618865",NA,NA,0,0,0,0
"tg","w3xp.0","Die Enthauptung des weltberühmten Wohlredners Ciceronis","de","Stranitzky, Joseph Anton","118618865",NA,NA,0,0,0,0
"tg","w3z2.0","Gespenstersonate","de","Strindberg, August Johan","118619314",NA,NA,0,0,0,0
"tg","w3zd.0","Julie","de","Sturz, Helfrich Peter","118619756",NA,NA,0,1767,0,0
"tg","w407.0","Heimat","de","Sudermann, Hermann","118619853",NA,NA,0,1893,1893,0
"tg","w40m.0","Der Bettler von Syrakus","de","Sudermann, Hermann","118619853",NA,NA,0,1911,1911,0
"tg","w40n.0","Die Ehre","de","Sudermann, Hermann","118619853",NA,NA,0,1889,1889,0
"tg","wbvk.0","Die Lokalbahn","de","Thoma, Ludwig","118622072",NA,NA,0,1902,1902,0
"tg","wc0g.0","Magdalena","de","Thoma, Ludwig","118622072",NA,NA,0,1912,1912,0
"tg","wc9p.0","Die Medaille","de","Thoma, Ludwig","118622072",NA,NA,0,1901,1901,0
"tg","wc9q.0","Lottchens Geburtstag","de","Thoma, Ludwig","118622072",NA,NA,0,1925,1911,0
"tg","wcbf.0","Erster Klasse","de","Thoma, Ludwig","118622072",NA,NA,1910,1910,1910,0
"tg","wcj0.0","Moral","de","Thoma, Ludwig","118622072",NA,NA,0,1909,1908,0
"tg","wd1q.0","Prinz Zerbino oder die Reise nach dem guten Geschmack","de","Tieck, Ludwig","12989432X",NA,NA,1797,1799,0,0
"tg","wd6t.0","Ritter Blaubart","de","Tieck, Ludwig","12989432X",NA,NA,1796,1797,1835,0
"tg","wdfd.0","Leben und Tod der heiligen Genoveva","de","Tieck, Ludwig","12989432X",NA,NA,0,0,0,0
"tg","wdq6.0","Die verkehrte Welt","de","Tieck, Ludwig","12989432X",NA,NA,0,1800,0,0
"tg","wdvq.0","Der gestiefelte Kater","de","Tieck, Ludwig","12989432X",NA,NA,0,1797,1844,0
"tg","wf5v.0","Der Spötter von Sevilla und der steinerne Gast","de","Tirso de Molina","118642863",NA,NA,0,0,0,0
"tg","wf6k.0","Agnes Bernauerin","de","Törring, Josef August von","118802399",NA,NA,1780,1780,0,0
"tg","wfsd.0","Fidelio","de","Treitschke, Georg Friedrich","117409030",NA,NA,0,0,0,0
"tg","wp6p.0","Ludwig der Bayer","de","Uhland, Ludwig","118625063",NA,NA,1818,1819,1826,0
"tg","wpvj.0","Ernst Herzog von Schwaben","de","Uhland, Ludwig","118625063",NA,NA,0,1818,1818,0
"tg","wz0s.0","Faust III","de","Vischer, Friedrich Theodor","11862721X",NA,NA,0,1862,0,0
"tg","wz12.0","Spiel vom Menschen","de","Voigt, Valentin",NA,NA,NA,0,0,0,0
"tg","wzgs.0","Faust. Trauerspiel mit Gesang und Tanz","de","Voß, Julius von","118627929",NA,NA,0,1823,0,0
"tg","wznj.0","Die Kindermörderin","de","Wagner, Heinrich Leopold","11862833X",NA,NA,0,1776,0,0
"tg","wznq.0","Voltaire am Abend seiner Apotheose","de","Wagner, Heinrich Leopold","11862833X",NA,NA,0,1778,0,0
"tg","wznr.0","Die Reue nach der That","de","Wagner, Heinrich Leopold","11862833X",NA,NA,0,1775,1775,0
"tg","wzp1.0","Götterdämmerung","de","Wagner, Richard","118594117",NA,NA,1874,0,1876,0
"tg","wzp6.0","Die Walküre","de","Wagner, Richard","118594117",NA,NA,0,1853,1876,0
"tg","wzp9.0","Die Meistersinger von Nürnberg","de","Wagner, Richard","118594117",NA,NA,0,0,1868,0
"tg","wzpd.0","Siegfried","de","Wagner, Richard","118594117",NA,NA,0,1853,1876,0
"tg","wzph.0","Das Rheingold","de","Wagner, Richard","118594117",NA,NA,0,1853,1876,0
"tg","wzpp.0","Tannhäuser und Der Sängerkrieg auf Wartburg","de","Wagner, Richard","118594117",NA,NA,0,0,1845,0
"tg","wzps.0","Parsifal","de","Wagner, Richard","118594117",NA,NA,0,1877,1882,0
"tg","wzpz.0","Lohengrin","de","Wagner, Richard","118594117",NA,NA,0,0,1850,0
"tg","wzq0.0","Der fliegende Holländer","de","Wagner, Richard","118594117",NA,NA,0,0,1843,0
"tg","wzq9.0","Tristan und Isolde","de","Wagner, Richard","118594117",NA,NA,1859,1859,1865,0
"tg","x22s.0","Vom verlorenen Sohn","de","Waldis, Burkhard","118628666",NA,NA,0,0,0,0
"tg","x34j.0","Frühlings Erwachen","de","Wedekind, Frank","118629867",NA,NA,1890,1891,1906,0
"tg","x37n.0","Musik","de","Wedekind, Frank","118629867",NA,NA,1906,1908,1908,0
"tg","x37q.0","Franziska. Ein modernes Mysterium in fünf Akten","de","Wedekind, Frank","118629867",NA,NA,1911,1912,1912,0
"tg","x390.0","Hidalla oder Sein und Haben","de","Wedekind, Frank","118629867",NA,NA,1903,1904,1905,0
"tg","x39r.0","Der Kammersänger","de","Wedekind, Frank","118629867",NA,NA,1897,1899,1899,0
"tg","x3b4.0","König Nicolo oder So ist das Leben","de","Wedekind, Frank","118629867",NA,NA,1901,1902,1902,0
"tg","x3bf.0","Die Büchse der Pandora","de","Wedekind, Frank","118629867",NA,NA,1894,1902,1904,0
"tg","x3bs.0","Fritz Schwigerling oder Der Liebestrank","de","Wedekind, Frank","118629867",NA,NA,0,1899,1900,0
"tg","x3cm.0","Tod und Teufel (Totentanz)","de","Wedekind, Frank","118629867",NA,NA,1905,1906,1906,0
"tg","x3cv.0","Die Zensur","de","Wedekind, Frank","118629867",NA,NA,1906,1908,1909,0
"tg","x3d6.0","Der Marquis von Keith","de","Wedekind, Frank","118629867",NA,NA,0,1898,1901,0
"tg","x3f6.0","Erdgeist","de","Wedekind, Frank","118629867",NA,NA,1895,1895,1898,0
"tg","x3zz.0","Der Dorfbarbier","de","Weidmann, Paul","119497921",NA,NA,0,0,1796,0
"tg","x400.0","Johann Faust","de","Weidmann, Paul","119497921",NA,NA,0,1775,0,0
"tg","x438.0","Bäurischer Machiavellus","de","Weise, Christian",NA,NA,NA,0,0,0,0
"tg","x480.0","König Wentzel","de","Weise, Christian",NA,NA,NA,0,0,0,0
"tg","x48t.0","Der niederländische Bauer","de","Weise, Christian",NA,NA,NA,0,0,0,0
"tg","x495.0","Vom verfolgten Lateiner","de","Weise, Christian",NA,NA,NA,0,0,0,0
"tg","x4c3.0","Masaniello","de","Weise, Christian",NA,NA,NA,0,0,0,0
"tg","x4gj.0","Atreus und Thyest","de","Weiße, Christian Felix","118630563",NA,NA,1766,1766,0,0
"tg","x4q9.0","Die Jagd","de","Weiße, Christian Felix","118630563",NA,NA,0,1770,1770,0
"tg","x4vf.0","Das Manuscript","de","Weißenthurn, Johanna von","116752505",NA,NA,0,1817,0,0
"tg","x4vh.0","Welche ist die Braut!","de","Weißenthurn, Johanna von","116752505",NA,NA,0,1817,1813,0
"tg","x4vp.0","Welcher ist der Bräutigam","de","Weißenthurn, Johanna von","116752505",NA,NA,0,1821,0,0
"tg","x4vq.0","Johann, Herzog von Finnland","de","Weißenthurn, Johanna von","116752505",NA,NA,0,1817,1811,0
"tg","x4vx.0","Die Schwestern St. Janvier","de","Weißenthurn, Johanna von","116752505",NA,NA,0,1821,0,0
"tg","x5bv.0","Der vierundzwanzigste Februar","de","Werner, Zacharias","118767208",NA,NA,0,1815,1809,0
"tg","x82c.0","Hänsel und Gretel","de","Wette, Adelheid","119514125",NA,NA,0,0,1893,0
"tg","x8bm.0","Der verlorene Sohn","de","Wickram, Georg","118632272",NA,NA,0,0,0,0
"tg","x8br.0","Das Narrengießen","de","Wickram, Georg","118632272",NA,NA,0,0,0,0
"tg","x8cd.0","Der Widerspenstigen Zähmung","de","Widmann, Joseph Viktor","118632302",NA,NA,0,0,0,0
"tg","x8cf.0","Maikäfer-Komödie","de","Widmann, Joseph Viktor","118632302",NA,NA,1896,1897,1942,0
"tg","x8fs.0","Lady Johanna Gray","de","Wieland, Christoph Martin","118632477",NA,NA,1758,1758,1758,0
"tg","x8hc.0","Klementina von Porretta","de","Wieland, Christoph Martin","118632477",NA,NA,1759,1760,0,0
"tg","x8ks.0","Alceste","de","Wieland, Christoph Martin","118632477",NA,NA,0,1773,1773,0
"tg","x8mr.0","Der Meister von Palmyra","de","Wilbrandt, Adolf von","118807250",NA,NA,0,1889,0,0
"tg","x8mw.0","Gracchus der Volkstribun","de","Wilbrandt, Adolf von","118807250",NA,NA,0,1872,0,0
"tg","x8nh.0","Die Quitzows","de","Wildenbruch, Ernst von","118771760",NA,NA,0,1888,1888,0
"tg","x8np.0","Die Haubenlerche","de","Wildenbruch, Ernst von","118771760",NA,NA,0,1891,1890,0
"tg","x8nq.0","Die Karolinger","de","Wildenbruch, Ernst von","118771760",NA,NA,0,1881,1881,0
"tg","x90m.0","Armut","de","Wildgans, Anton","118632841",NA,NA,0,1919,1915,0
"tg","x90s.0","Dies irae","de","Wildgans, Anton","118632841",NA,NA,1918,1918,1919,0
"tg","x90t.0","In Ewigkeit Amen","de","Wildgans, Anton","118632841",NA,NA,0,1912,1913,0
"tg","x9jv.0","Der Vampyr","de","Wohlbrück, Wilhelm August","124953271",NA,NA,0,0,1828,0
"tg","x9rp.0","Faust","de","Wolfram, Hermann Ludwig","100723004",NA,NA,0,0,0,0
"tg","xknr.0","Abellino","de","Zschokke, Heinrich","118637266",NA,NA,0,1795,1795,0
